MOVIE NAME,YEAR,MALE SINGER COUNT,FEMALE SINGER COUNT,MALE SONG COUNT,FEMALE SONG COUNT
Raabta (film)_2017,2017,5,2,8,2
Luv U Soniyo_2013,2013,4,1,6,1
Sahibaan_1993,1993,2,2,3,6
Baap Numbri Beta Dus Numbri_1990,1990,1,2,1,4
Jyoti Bane Jwala_1980,1980,3,3,4,5
Main Sunder Hoon_1971,1971,5,3,10,13
Shuddh Desi Romance_2013,2013,2,3,2,3
Ready (2011 film)_2011,2011,3,1,6,4
Platform (1993 film)_1993,1993,3,3,4,5
Hum Bhi Insaan Hain (1989 film)_1989,1989,1,4,1,4
Hum To Mohabbat Karega_2000,2000,6,2,11,6
Kal Ki Awaz_1992,1992,1,3,7,9
Thakshak_1999,1999,1,0,3,0
Sadiyaan_2010,2010,3,3,4,4
Haathon Ki Lakeeren_1986,1986,1,1,1,1
Muqaddar Ka Faisla_1987,1987,1,1,4,3
Dulha Bikta Hai_1982,1982,2,3,3,6
Dawat_1974,1974,1,2,1,4
Julie (1975 film)_1975,1975,1,4,2,5
Humshakals_2014,2014,2,3,2,6
Zamaane Ko Dikhana Hai_1981,1981,2,1,3,2
Veerta_1991,1991,2,3,4,6
Aaj Ka Samson_1991,1991,1,6,1,9
Nasbandi_1978,1978,2,3,3,6
Guest Iin London_2017,2017,0,0,0,0
Masoom (1983 film)_1983,1983,3,3,3,3
Saudagar (1991 film)_1991,1991,4,3,6,6
Kites (film)_2010,2010,7,1,16,2
Jaanam_1992,1992,1,2,1,8
Maan Gaye Ustaad_1981,1981,2,2,5,5
Kushti (film)_2010,2010,2,2,2,2
Paras (film)_1971,1971,4,3,5,9
Patanga_1971,1971,1,3,5,3
Pink (2016 film)_2016,2016,1,1,2,1
Suhaag (1994 film)_1994,1994,3,3,8,6
Mastizaade_2016,2016,2,2,2,2
Rangila Ratan_1976,1976,3,2,5,2
Tubelight (film)_2017,2017,10,0,11,0
Gundaraj_1995,1995,1,2,5,3
Baazi (1995 film)_1995,1995,1,2,5,6
Action Replayy_2010,2010,5,5,6,9
Sone Pe Suhaaga_1988,1988,2,2,5,6
Hate Story_2012,2012,1,1,1,2
Panaah (film)_1992,1992,2,2,5,6
Hafta Vasuli_1998,1998,0,0,0,0
Fever (2016 film)_2016,2016,3,3,5,6
Tere Mere Phere_2011,2011,2,0,2,0
Break Ke Baad_2010,2010,3,3,7,5
Naami Chor_1977,1977,4,2,6,6
Ab Ayega Mazaa_1984,1984,3,3,4,4
Mahaan_1983,1983,3,2,7,3
Ek Chadar Maili Si_1986,1986,0,1,0,3
Khamoshi: The Musical_1996,1996,4,3,7,7
Damini  Lightning_1993,1993,1,2,4,5
Kalyug Aur Ramayan_1987,1987,2,3,4,4
Dulhan (1975 film)_1974,1974,1,1,1,4
Anokha Rishta_1986,1986,0,2,0,4
Dream Girl (1977 film)_1977,1977,1,2,2,4
Ghar Jamai (1992 film)_1992,1992,2,3,2,6
Mumbai Mirror (film)_2013,2013,4,3,4,3
Tujhe Nahin Chhodunga_1989,1989,1,4,2,10
Toofan Aur Bijlee_1975,1975,2,1,3,4
Dharam Karam_1975,1975,4,3,15,8
Loot (2011 film)_2011,2011,3,2,4,2
Anokha Milan_1972,1972,2,0,2,0
Bhookamp_1993,1993,3,3,5,5
Sarfarosh (1999 film)_1999,1999,4,2,4,4
Kaun Kare Qurbaani_1991,1991,2,2,8,9
Nafrat_1987,1987,1,1,1,2
Izzatdaar_1990,1990,1,3,1,13
Qila (film)_1998,1998,3,4,8,8
Rocky (1981 film)_1981,1981,1,2,5,4
Teri Meherbaniyan_1985,1985,0,3,0,4
Karma (1986 film)_1986,1986,4,2,6,5
Jai Kishen_1994,1994,2,2,5,2
Dilbar (1994 film)_1994,1994,2,2,4,5
Aazmayish_1995,1995,3,1,6,2
Ghamandee_1981,1981,1,1,1,6
Raaton Ka Raja_1970,1970,2,3,5,5
Kaafila_2007,2007,2,1,5,1
Jawaani_1984,1984,0,3,0,15
Rajaji (film)_1999,1999,2,4,5,5
PK (film)_2014,2014,3,1,4,3
Kali Ganga_1990,1990,1,2,1,2
Inaam Dus Hazaar_1987,1987,1,2,3,4
Naiyya_1979,1979,3,1,6,2
Janbaaz_1986,1986,3,3,5,6
Sachaa Jhutha (1970 film)_1970,1970,3,2,8,2
Judwaa_1997,1997,3,2,6,3
Chal Pichchur Banate Hain_2012,2012,4,2,7,3
Waqt Ka Badshah_1992,1992,1,0,2,0
War Chhod Na Yaar_2013,2013,11,2,13,4
Sarphira_1992,1992,1,2,1,5
Chandi Sona_1977,1977,5,1,10,8
Shandaar_1990,1990,1,3,1,7
Ram Tere Kitne Nam_1985,1985,1,2,2,3
Santa Banta Pvt Ltd_2016,2016,3,0,7,0
Barood (1976 film)_1976,1976,1,1,4,2
Saala Khadoos_2016,2016,2,0,2,0
Oh Darling! Yeh Hai India_1995,1995,6,1,11,1
Maazii (2013 film)_2013,2013,3,2,3,2
Karan Arjun_1995,1995,3,3,6,7
Humlaa_1992,1992,2,3,2,5
Anmol Sitaare_1982,1982,1,6,2,19
Boxer (1984 film)_1984,1984,2,2,5,5
Rang Rasiya_2014,2014,3,1,3,2
United Six (film)_2011,2011,0,0,0,0
Bin Phere Hum Tere_1979,1979,2,2,3,6
Khoon Ki Keemat_1974,1974,1,1,2,8
Mafia (1996 film)_1996,1996,2,3,5,5
Andar Baahar_1984,1984,3,1,5,3
Saanch Ko Aanch Nahin_1979,1979,2,1,5,4
Mr. and Mrs. Khiladi_1997,1997,5,4,7,5
Hatim Tai (1990 film)_1990,1990,1,4,1,7
Kabeela_1976,1976,3,2,5,4
Khilona (1970 film)_1970,1970,3,2,5,3
Tutak Tutak Tutiya_2016,2016,1,2,1,2
Badi Bahen_1993,1993,1,3,1,8
Garajna_1991,1991,2,5,2,6
Daku Aur Mahatma_1977,1977,2,3,2,12
Heroine (2012 film)_2012,2012,2,3,2,3
Deewaangee_1976,1976,1,3,4,5
Nidaan_2000,2000,2,1,3,6
Raadha Aur Seeta_1979,1979,3,2,4,13
Insaf Ki Pukar_1987,1987,1,2,3,4
Kapoor & Sons_2016,2016,3,2,5,2
Bond 303_1985,1985,3,2,5,3
Waaris (1988 film)_1988,1988,3,2,5,6
Devi (1970 film)_1970,1970,1,1,1,1
Taqdeerwala_1995,1995,4,2,8,7
Charitraheen_1974,1974,1,2,1,4
Mr. Singh / Mrs. Mehta_2010,2010,3,3,4,5
Players (film)_2012,2012,6,5,10,7
Damaad_1978,1978,1,1,3,5
Mardaani_2014,2014,0,1,0,1
Sahebzaade_1992,1992,1,3,1,7
Dum Maaro Dum (film)_2011,2011,6,2,7,4
Anjaane (2000 film)_2000,2000,5,2,6,4
Dharti_1970,1970,1,2,4,5
Uttar Dakshin_1987,1987,0,2,0,4
Vishwasghaat_1996,1996,1,2,3,6
Swami Dada_1982,1982,2,2,6,5
Hey Bro_2015,2015,6,2,6,2
Tees Maar Khan_2010,2010,6,3,10,7
Hungama (1971 film)_1971,1971,4,2,6,9
Do Musafir_1978,1978,0,1,0,2
Prem Yog_1994,1994,4,2,10,8
Honeymoon (1973 film)_1973,1973,2,1,7,4
Gunah Aur Kanoon_1970,1970,0,1,0,6
5 Rifles_1974,1974,1,1,8,2
Haiwan_1977,1977,6,2,10,4
Alag Alag_1985,1985,1,1,10,7
Mastan Dada_1977,1977,2,2,3,5
Tadipaar_1993,1993,2,2,6,6
Ijaazat_1987,1987,0,1,0,1
Badi Maa_1974,1974,2,3,3,9
Hisaab Khoon Ka_1989,1989,0,3,0,5
Nastik (1983 film)_1983,1983,2,4,3,5
Jodidar_1997,1997,5,3,5,3
Joroo Ka Ghulam_1972,1972,1,2,4,3
Umbartha_1982,1982,1,1,1,3
Hawaizaada_2015,2015,2,0,10,0
Aanchal (1980 film)_1980,1980,1,3,6,8
Faisla_1988,1988,2,1,2,3
Jagir (1984 film)_1984,1984,3,3,6,5
Ram Kasam_1978,1978,3,2,3,5
Ram Jaane (1995 film)_1995,1995,3,2,8,3
Vidhaata_1982,1982,3,8,3,9
Ek Hi Raasta (1977 film)_1977,1977,2,4,3,5
Mehandi Ban Gai Khoon_1991,1991,1,1,2,2
Khilaaf_1991,1991,3,2,4,3
Lakhon Ki Baat_1984,1984,0,3,0,9
Saat Rang Ke Sapne_1997,1997,4,2,7,4
Beqabu_1996,1996,3,1,7,5
Kranti Kshetra_1994,1994,5,3,6,4
Pyaar Diwana_1972,1972,2,2,4,5
Rafoo Chakkar_1975,1975,2,2,2,4
Jaag Utha Insan_1984,1984,2,2,5,7
Sautela_1999,1999,2,2,6,8
Don (1978 film)_1978,1978,1,2,4,2
Aa Dekhen Zara_2009,2009,3,2,4,5
Heera Panna_1973,1973,1,2,4,3
Charandas_1977,1977,4,1,4,3
Maqsad_1984,1984,1,2,5,4
Will You Marry Me? (film)_2012,2012,7,2,10,3
Prem Qaidi_1991,1991,2,2,6,6
Sikandar (2009 film)_2009,2009,3,3,3,3
Balidaan (1985 film)_1985,1985,1,2,3,5
Hum Sab Chor Hain (1973 film)_1973,1973,1,5,1,12
Sultana Daku_1982,1982,1,1,2,8
Once Upon a Time in Mumbaai_2010,2010,3,2,9,3
Dana Paani_1989,1989,1,1,3,4
Ghazab_1982,1982,1,2,2,5
Hulchul (1971 film)_1971,1971,0,1,0,1
Purani Jeans_2014,2014,3,2,5,2
Andha Kanoon_1983,1983,2,1,6,4
Chhalia_1973,1973,3,1,8,5
Laat Saab_1992,1992,2,2,6,6
Yash (1996 film)_1996,1996,4,2,6,2
Ek Aur Sikander_1986,1986,2,3,4,5
Karz Chukana Hai_1991,1991,4,3,5,6
Paa (film)_2009,2009,2,3,2,4
Pran Jaye Par Vachan Na Jaye_1974,1974,0,1,0,1
Namak Haraam (1973 film)_1973,1973,1,2,4,2
Aisi Bhi Kya Jaldi Hai_1996,1996,2,1,5,1
Abhimaan (1973 film)_1973,1973,0,0,0,0
Meera Ka Mohan_1992,1992,5,1,12,7
Sau Din Saas Ke_1980,1980,0,1,0,3
Once Upon Ay Time In Mumbai Dobaara!_2013,2013,3,1,4,1
Ramgarh Ke Sholay_1991,1991,2,2,3,2
Bumm Bumm Bole_2010,2010,2,2,3,2
Phool Bane Patthar_1998,1998,2,1,6,4
Insaaf (1997 film)_1997,1997,2,2,2,2
House No. 13_1991,1991,0,2,0,3
Hatyara_1977,1977,2,3,4,5
Fiffty Fiffty_1981,1981,1,2,3,4
Saudagar (1973 film)_1973,1973,0,1,0,4
Hamare Tumhare_1979,1979,1,3,7,4
Chalo Dilli_2011,2011,4,2,5,3
Impatient Vivek_2011,2011,1,3,1,3
Peepli Live_2010,2010,3,0,4,0
Aap Ki Kasam_1974,1974,1,1,5,5
Main Khiladi Tu Anari_1994,1994,5,2,9,5
Madhosh (1974 film)_1974,1974,2,1,4,9
Aatish (film)_1979,1979,2,3,4,4
Mahaanta_1997,1997,0,3,0,8
Hanuman Da' Damdaar_2017,2017,3,1,3,1
Hip Hip Hurray (film)_1984,1984,3,2,6,3
Joshila_1973,1973,1,2,3,7
Geet (1992 film)_1992,1992,1,4,4,14
Taqdeer Ka Tamasha_1990,1990,1,2,1,4
Yuhi Kabhi_1994,1994,2,1,5,2
Laadla (film)_1994,1994,2,2,6,5
Shreemaan Aashique_1993,1993,6,4,8,5
Haathi Ke Daant_1973,1973,0,2,0,4
Bheja Fry 2_2011,2011,1,1,1,1
Amrit (film)_1986,1986,2,2,2,3
Mera Dharam_1986,1986,1,2,1,5
Rudaali (1993 film)_1993,1993,1,2,3,4
Jai Dwarkadheesh_1977,1977,1,3,4,10
Aag Laga Do Sawan Ko_1991,1991,0,1,0,4
Dishkiyaoon_2014,2014,1,0,1,0
Charnon Ki Saugandh_1988,1988,1,1,6,4
Ganga Meri Maa_1983,1983,2,1,3,4
Phir Wohi Raat_1980,1980,2,2,4,4
Yeh Aag Kab Bujhegi_1991,1991,1,2,1,3
Maa (1992 Hindi film)_1991,1991,2,2,3,2
Suhaag (1979 film)_1979,1979,3,3,6,7
Zulm Ko Jala Doonga_1988,1988,0,2,0,6
Shareef Budmaash_1973,1973,1,2,3,3
Rangoon (2017 film)_2017,2017,4,3,6,8
Dangal (film)_2016,2016,7,2,7,2
Mehndi Rang Layegi_1982,1982,2,3,3,6
Nagina (1986 film)_1986,1986,0,3,0,4
Kachche Heere_1982,1982,1,2,2,6
Isi Ka Naam Zindagi_1992,1992,2,4,5,7
Kaanch Ki Deewar_1986,1986,2,2,3,5
Barsaat Ki Raat_1998,1998,2,5,4,11
Meri Aawaz Suno_1981,1981,1,1,2,5
Pehchan (1970 film)_1970,1970,3,4,6,5
The Xpose_2014,2014,6,5,16,15
Hanste Zakhm_1973,1973,1,2,2,4
Baabarr_2009,2009,1,1,2,2
Pataal Bhairavi_1985,1985,3,4,7,5
Mehbooba_1976,1976,2,1,4,5
Kitaab_1977,1977,2,1,2,1
Naaraaz (1994 film)_1994,1994,2,1,5,1
Maidan-E-Jung_1995,1995,5,4,6,5
Paranthe Wali Gali_2014,2014,1,1,1,1
Geet Gaata Chal_1975,1975,2,3,2,5
Saboot_1980,1980,0,1,0,2
Ok Jaanu_2017,2017,9,3,11,5
Babul Ki Galiyaan_1972,1972,2,1,2,6
Pratima Aur Paayal_1977,1977,2,3,7,7
Aangan Ki Kali_1979,1979,2,4,6,8
Wafadaar_1985,1985,2,3,3,5
Toonpur Ka Super Hero_2010,2010,10,1,14,2
Force 2_2016,2016,3,2,3,2
Mr. Natwarlal_1979,1979,3,4,3,4
Zameer (1975 film)_1975,1975,2,1,7,1
Bal Bramhachari_1996,1996,4,4,4,4
Do Aankhen_1974,1974,1,1,5,2
Phillauri (film)_2017,2017,3,2,5,3
Deedar (1992 film)_1992,1992,1,1,6,4
1920 London_2016,2016,5,1,5,3
Zulm Ki Hukumat_1992,1992,1,4,1,6
Sun Sajna_1982,1982,4,2,5,5
Suryavanshi (film)_1992,1992,2,3,3,6
Airlift (film)_2016,2016,4,0,9,0
Love and God_1986,1986,6,2,18,6
Krodhi_1981,1981,2,2,2,4
Mast Kalandar_1991,1991,1,1,1,3
Dharm Aur Qanoon_1984,1984,2,3,5,5
Zindagi 50-50_2013,2013,3,0,4,0
Aakhri Daao_1975,1975,2,2,3,2
Ek Baar Kaho_1980,1980,3,1,4,2
M3 - Midsummer Midnight Mumbai_2014,2014,1,0,1,0
Sholay_1975,1975,3,2,4,3
Hamara Dil Aapke Paas Hai_2000,2000,4,3,7,7
Wanted: Dead or Alive (1984 Hindi film)_1984,1984,2,1,2,3
Bhanwar_1976,1976,2,3,6,4
Aag Aur Shola_1986,1986,0,4,0,4
Pyaar Karke Dekho_1987,1987,4,3,6,9
Khoon Ka Karz_1991,1991,1,2,1,5
Jalte Badan_1973,1973,1,2,2,8
Mahaguru_1985,1985,1,2,1,5
Eena Meena Deeka_1994,1994,5,2,9,2
Chingari (1989 film)_1989,1989,2,2,5,7
Shola Aur Shabnam (1992 film)_1992,1992,2,0,6,0
Ankush_1986,1986,0,1,0,2
Yeh Dillagi (1994 film)_1994,1994,5,1,8,5
Haqeeqat (1995 film)_1995,1995,4,1,8,6
Aarop_1973,1973,3,3,5,4
Ram Balram_1980,1980,2,2,6,4
Dastaan (1972 film)_1972,1972,2,1,4,3
Lalkaar_1972,1972,2,3,5,4
Sheshnaag (film)_1990,1990,1,2,3,5
Phir Teri Kahani Yaad Aayee_1993,1993,3,2,6,5
Be-Reham_1980,1980,3,4,3,6
Jadu Tona_1977,1977,4,3,7,7
Coffee with D_2017,2017,2,1,3,1
Zamana Deewana_1995,1995,3,1,5,6
Tell Me O Kkhuda_2011,2011,1,0,5,0
Beta Ho To Aisa_1994,1994,0,2,0,3
Shikari: The Hunter_1991,1991,4,3,5,9
Yodha (1991 film)_1991,1991,1,4,2,6
Fan (film)_2016,2016,6,0,8,0
Kill Dil_2014,2014,11,2,19,2
Akhri Muqabla_1988,1988,2,1,5,8
Roop Tera Mastana_1972,1972,3,1,5,4
Gunehgar Kaun_1991,1991,2,1,3,4
Param Vir Chakra (film)_1995,1995,4,3,13,5
Ek Nanhi Munni Ladki Thi_1970,1970,2,1,4,2
Krodh (film)_2000,2000,2,3,2,8
Detective Byomkesh Bakshy_2015,2015,6,2,6,2
Rang Birangi_1983,1983,2,0,2,0
Hameshaa_1997,1997,3,2,6,6
Dushman (1972 film)_1972,1972,1,1,2,3
Sulemani Keeda (film)_2014,2014,1,1,1,2
Avtaar_1983,1983,3,3,7,3
Silsila Hai Pyar Ka_1999,1999,2,4,3,7
Aakhri Sangram_1984,1984,2,1,3,2
Ghost (2012 film)_2012,2012,3,1,4,1
Ram-Avtar_1988,1988,1,2,1,5
Rani Aur Lalpari_1975,1975,1,1,2,5
Loha (1997 film)_1997,1997,2,1,3,2
Janam Se Pehle_1994,1994,2,2,5,4
Touhean_1989,1989,2,3,3,9
Gol Maal_1979,1979,3,1,7,2
Mausam (2011 film)_2011,2011,6,0,10,0
Mili (1975 film)_1975,1975,2,1,5,1
Sankalp_1975,1975,4,0,7,0
Dev.D_2009,2009,0,0,0,0
Agni Rekha_1973,1973,3,2,3,4
Mere Apne_1971,1971,3,1,4,1
Stuntman (film)_1994,1994,2,2,6,6
Pyar Hua Chori Chori_1992,1992,2,3,4,8
Billoo Badshah_1989,1989,1,0,2,0
Gumrah (1993 film)_1993,1993,0,3,0,3
New York (film)_2009,2009,2,1,2,2
Asmaan Se Ooncha_1989,1989,2,3,3,5
Asli Naqli_1986,1986,0,2,0,4
Godmother (film)_1999,1999,0,3,0,4
Aloo Chaat (film)_2009,2009,2,1,3,3
Dhuaan_1981,1981,1,3,1,5
Yaraana (1995 film)_1995,1995,1,2,2,7
Ikke Pe Ikka_1994,1994,2,2,2,4
Meera (1979 film)_1979,1979,0,1,0,12
Mere Jeevan Saathi (1972 film)_1972,1972,1,2,6,2
Apne Rang Hazaar_1975,1975,0,0,0,0
Ajnabee (1974 film)_1974,1974,2,2,5,3
Amar Deep (1979 film)_1979,1979,1,3,3,3
Arpan_1983,1983,2,1,2,4
Ek Thi Daayan_2013,2013,2,2,2,3
Bhoothnath Returns_2014,2014,3,0,6,0
Hum Paanch (film)_1980,1980,4,3,4,3
Hum Dono (1985 film)_1985,1985,1,3,6,8
Lok Parlok_1979,1979,1,1,5,4
Hello Darling_2010,2010,1,5,1,7
Anand Ashram_1977,1977,3,3,5,3
Mai (2013 film)_2013,2013,2,2,2,3
99 (2009 film)_2009,2009,3,0,3,0
Appu Raja_1990,1990,2,2,5,2
Ajooba (1991 film)_1991,1991,1,3,3,4
Mallika (2010 film)_2010,2010,1,3,1,4
Fauji (1995 film)_1995,1995,1,2,1,10
Maha Sati Savitri_1973,1973,1,1,2,7
Pavitra Paapi_1970,1970,2,4,3,7
Shankara (1991 film)_1991,1991,1,2,2,10
Mandi (film)_1983,1983,0,2,0,4
Saaz Aur Sanam_1971,1971,1,2,4,6
Hum Naujawan_1985,1985,2,3,2,5
Umar 55 Ki Dil Bachpan Ka_1992,1992,3,3,10,6
Sauda (film)_1995,1995,3,2,6,4
Dost Aur Dushman_1971,1971,1,2,3,6
Dost (1974 film)_1974,1974,3,1,4,2
Jai Ho (film)_2014,2014,2,2,3,3
Heer Raanjha_1970,1970,1,3,3,6
Dooriyaan_1979,1979,0,1,0,1
Jhoothi_1985,1985,1,3,4,9
Muskurahat (1992 film)_1992,1992,3,3,7,4
Dancer (1991 film)_1991,1991,4,3,20,6
Befikre_2016,2016,7,1,8,1
Lalach_1983,1983,4,1,7,1
Mickey Virus_2013,2013,4,1,4,2
Salaami_1994,1994,2,3,7,8
Aandhi-Toofan_1985,1985,0,1,0,1
Chor Machaye Shor_1974,1974,1,2,2,4
Saaransh_1984,1984,0,1,0,2
Ishq Click_2016,2016,6,3,9,3
Mahal (1989 film)_1989,1989,1,2,2,6
Pyaar Ke Do Pal_1986,1986,0,1,0,2
Jazbaat (1994 film)_1994,1994,0,2,0,7
Agent Vinod (2012 film)_2012,2012,2,0,9,0
Pardesi Babu_1998,1998,6,2,9,3
Sainik_1993,1993,1,4,4,5
Sangharsh (1999 film)_1999,1999,3,1,6,2
Mom Ki Gudiya_1972,1972,1,2,2,3
Hawas_1974,1974,1,1,1,4
Jab Harry Met Sejal_2017,2017,2,2,2,2
Qatl_1986,1986,1,2,2,6
Naam (1986 film)_1986,1986,1,2,1,2
Sadak Chhap_1987,1987,2,2,6,4
Naya Din Nai Raat_1974,1974,2,2,2,4
Ladaai_1989,1989,1,2,1,2
Swarg Yahan Narak Yahan_1991,1991,4,2,11,8
Ranbhoomi_1991,1991,2,4,2,5
Ek Ladka Ek Ladki_1992,1992,3,3,5,6
Chacha Bhatija_1977,1977,2,1,3,3
Khotey Sikkay_1974,1974,1,2,1,3
Sindoor (film)_1987,1987,3,2,3,5
Aarambh_1976,1976,2,2,4,6
Sapnay (1997 film)_1997,1997,6,6,6,6
Tridev_1989,1989,3,4,3,11
Daku Hasina_1987,1987,2,3,2,3
Aaina (1993 film)_1993,1993,4,3,4,9
Vaada Raha_2009,2009,2,0,5,0
Aashiq Awara_1993,1993,1,3,4,7
Sadda Adda_2012,2012,2,1,6,2
Traffic (2016 film)_2016,2016,3,2,3,3
Kissi Se Na Kehna_1983,1983,1,1,1,5
Ahimsa (1979 film)_1979,1979,4,1,5,3
Banarasi Babu (1973 film)_1973,1973,1,2,6,10
Ek Hi Bhool_1981,1981,1,2,1,4
Radha Ka Sangam_1992,1992,2,3,3,7
Har Dil Jo Pyar Karega_2000,2000,4,1,7,4
Duplicate (1998 film)_1998,1998,4,2,7,4
Pathreela Raasta_1994,1994,3,2,7,7
Prem Geet_1981,1981,2,2,3,5
Saajan Chale Sasural_1996,1996,3,2,7,5
Chameli Ki Shaadi_1986,1986,2,2,2,3
Jeena Teri Gali Mein_1991,1991,4,1,6,9
Virodhi (1992 film)_1992,1992,2,2,4,3
Jaane-Anjaane_1971,1971,3,4,4,5
Agneepath (1990 film)_1990,1990,3,4,3,4
Chitchor (1976 film)_1976,1976,1,1,4,2
Deewana Mastana_1997,1997,2,3,4,5
Trishakti_1999,1999,4,0,8,0
Naya Zamana (1971 film)_1971,1971,2,1,5,8
Insaniyat Ke Devta_1993,1993,2,2,3,3
Khoon Aur Paani_1981,1981,2,2,3,4
Afsana Pyaar Ka_1991,1991,1,3,1,7
Bewaffa Se Waffa_1992,1992,0,2,0,6
Maha Chor_1976,1976,1,3,7,6
Thank You (2011 film)_2011,2011,4,3,8,5
Namumkin_1988,1988,1,2,3,3
Naam O Nishan_1987,1987,1,2,1,3
Abhinetri_1970,1970,2,2,2,7
Maan Apmaan_1979,1979,1,3,2,5
Dil Ki Baazi_1993,1993,2,3,3,8
Khiladi 786_2012,2012,5,3,15,9
Raunaq_1993,1993,0,1,0,2
Lahu Ke Do Rang (1997 film)_1997,1997,4,4,6,7
Balmaa_1993,1993,2,2,4,6
Ghayal (1990 film)_1990,1990,2,4,3,6
Hey Ram_2000,2000,4,6,8,7
Rakshak_1996,1996,6,3,7,4
Listen... Amaya_2013,2013,1,0,2,0
Sharara_1984,1984,1,2,2,5
Hum Aapke Hain Koun..!_1994,1994,4,2,12,12
Juaari_1994,1994,4,4,5,6
Chaani_1977,1977,1,2,2,6
Do Lafzon Ki Kahani (film)_2016,2016,2,2,2,2
Ekka Raja Rani_1994,1994,3,2,8,7
Tahkhana_1986,1986,0,3,0,5
Apradhi (1992 film)_1992,1992,1,1,1,3
Chillar Party_2011,2011,3,0,6,0
Azad Mohabbat_1974,1974,1,2,2,4
Uttarayan (film)_1985,1985,1,0,1,0
Dillagi (1978 film)_1978,1978,2,2,3,5
Zindagi (1976 film)_1976,1976,1,1,3,2
Wedding Anniversary (2017 film)_2017,2017,2,0,3,0
Izzat Ki Roti_1993,1993,3,3,4,12
Zulm-O-Sitam_1998,1998,3,1,8,1
Khule-Aam_1992,1992,0,2,0,8
Beta (1992 film)_1992,1992,2,1,5,9
Parinda_1989,1989,2,1,6,2
Ek Nari Ek Brahmachari_1971,1971,3,2,5,3
Seema (1971 film)_1971,1971,2,4,8,10
Dostana (1980 film)_1980,1980,1,2,4,2
Patiala House (film)_2011,2011,7,3,13,7
Lahore (film)_2010,2010,7,2,13,4
Khatarnaak_1990,1990,1,3,2,5
Kissa Kursi Ka_1977,1977,3,1,3,2
Bemisal_1982,1982,2,1,4,2
Hum Tum Aur Woh_1971,1971,0,0,0,0
Karan (1994 film)_1994,1994,2,4,6,6
The Train (1970 film)_1970,1970,1,2,1,5
Policegiri_2013,2013,3,2,5,3
Zindagi Zindagi_1972,1972,4,1,14,1
Hum Saath-Saath Hain: We Stand United_1999,1999,5,3,14,11
Karishma Kudrat Kaa_1985,1985,2,1,2,5
Khalnayak (1993 film)_1993,1993,1,2,1,7
Miley naa Miley hum (2011 film)_2011,2011,3,4,3,4
De Dana Dan_2009,2009,4,0,7,0
Dharmatma_1975,1975,2,1,3,1
Bhai (1997 film)_1997,1997,5,3,8,4
Satya 2_2013,2013,4,2,6,6
Sailaab (1990 film)_1990,1990,1,4,1,6
Judge Mujrim_1997,1997,2,3,2,6
Luv Ka The End_2011,2011,4,2,4,3
Nil Battey Sannata_2016,2016,2,0,2,0
Aathi Parasakthi_1976,1976,2,2,3,4
Aakhri Kasam_1979,1979,2,2,2,5
Benaam Badsha_1991,1991,1,2,1,5
Trishna (1978 film)_1978,1978,1,1,1,1
Achanak (1973 film)_1973,1973,1,0,1,0
Lakshmanrekha_1991,1991,0,3,0,9
Andaz (1994 film)_1994,1994,4,2,8,5
Shirin Farhad Ki Toh Nikal Padi_2012,2012,3,2,6,4
Hum Hai Teen Khurafaati_2014,2014,4,3,5,4
Avishkaar_1973,1973,2,2,4,4
Raju Chacha_2000,2000,6,4,6,7
Mohra (1994 film)_1994,1994,3,3,7,7
Avinash (1986 film)_1986,1986,2,3,3,3
Dulhan Wahi Jo Piya Man Bhaaye_1977,1977,3,1,3,8
Jeevan Mrityu_1970,1970,1,1,1,3
Sawan Ko Aane Do_1979,1979,3,0,8,0
Jaago (1985 film)_1985,1985,3,1,7,1
Prayashchit_1977,1977,0,1,0,8
Salaakhen (1998 film)_1998,1998,3,4,4,6
Speedy Singhs_2011,2011,2,1,3,1
Shiv Ram_1991,1991,2,2,3,3
John Jani Janardhan_1984,1984,2,2,3,5
Agent 009_1980,1980,0,1,0,2
Ghar Mein Ram Gali Mein Shyam_1988,1988,3,1,6,2
Aaja Sanam_1975,1975,1,3,6,8
Ulta Seedha_1985,1985,1,2,3,3
2001: Do Hazaar Ek_1998,1998,5,3,7,4
Phata Poster Nikla Hero_2013,2013,5,3,8,3
Well Done Abba_2010,2010,2,2,3,2
Aatank_1996,1996,1,2,2,7
Laparwah_1981,1981,1,1,3,1
Desh Premee (1982 film)_1982,1982,2,3,3,4
Khandaan (1979 film)_1979,1979,2,1,3,1
Zor (film)_1998,1998,3,2,3,3
Dayavan_1988,1988,2,4,3,5
Kotwal Saab_1977,1977,0,2,0,4
Billu_2009,2009,5,0,15,0
Hum Tum Aur Ghost_2010,2010,6,4,11,4
Mission Kashmir (2000 film)_2000,2000,2,4,6,6
Vijeta_1996,1996,2,1,3,2
Main Balwan_1986,1986,2,1,5,2
Pardesi (1993 film)_1993,1993,4,2,4,7
Lamhe (1991 film)_1991,1991,3,3,3,7
Jaan Hatheli Pe_1987,1987,2,4,2,5
Adhikar (1986 film)_1986,1986,1,4,4,7
Raeeszada_1990,1990,2,1,2,1
Sahhas_1981,1981,1,2,3,3
Naache Mayuri_1986,1986,1,2,2,5
Aa Gaya Hero_2017,2017,0,1,0,1
Insaaf Apne Lahoo Se_1994,1994,2,5,2,9
Majhdhaar_1996,1996,4,1,8,3
Kurbaan (1991 film)_1991,1991,4,2,4,3
Is Raat Ki Subah Nahin_1996,1996,2,1,4,4
Milan (1995 film)_1995,1995,4,3,7,3
Zid (1976 film)_1976,1976,1,1,2,5
Satte Pe Satta_1982,1982,4,1,13,3
Baat Hai Pyaar Ki_1991,1991,0,2,0,5
Lafange_1975,1975,3,2,7,5
Ek Se Bhale Do_1985,1985,4,3,6,6
3G (film)_2013,2013,4,2,5,2
Kaanchi..._2014,2014,8,4,12,7
Dil Ka Kya Kasoor_1992,1992,2,3,7,4
Balika Badhu (1976 film)_1976,1976,3,2,3,2
Daata_1989,1989,3,5,10,12
Daisy (1988 film)_1988,1988,1,1,2,2
Do Ladkiyan_1976,1976,2,1,4,3
Tulsi Vivah (film)_1971,1971,1,2,8,16
Aakrosh (1998 film)_1998,1998,4,2,7,4
Ooparwala Jaane_1977,1977,0,1,0,2
Hum Se Hai Zamana_1983,1983,1,1,4,3
Insaaf Ki Devi_1992,1992,1,4,2,10
Raasaiyya_1995,1995,3,4,6,4
Parda Hai Parda (1992 film)_1992,1992,4,3,5,5
Zakhm_1998,1998,2,2,3,6
Bekhudi_1992,1992,1,1,5,6
Duvidha_1973,1973,0,0,0,0
Khamosh Nigahen (1986 film)_1986,1986,2,2,2,4
Mahakaal_1993,1993,3,3,3,3
Yari Dushmani_1980,1980,3,2,3,4
Gora Aur Kala_1972,1972,2,2,4,4
Akira (2016 Hindi film)_2016,2016,2,3,4,4
Mohenjo Daro (film)_2016,2016,6,3,9,5
Aakhri Adaalat_1988,1988,1,1,2,1
Sanam Re_2016,2016,7,3,12,3
Karobaar: The Business of Love_2000,2000,2,2,6,4
Surakshaa (1995 film)_1995,1995,3,1,6,2
Ishq (1997 film)_1997,1997,6,4,11,8
Ghar Sansar_1986,1986,1,4,2,4
Hostel (2011 film)_2011,2011,0,0,0,0
Bandhan Kuchchey Dhaagon Ka_1983,1983,2,3,5,6
Lover Boy (1985 film)_1985,1985,0,0,0,0
Ek Villain_2014,2014,4,2,5,2
Kal Kissne Dekha_2009,2009,3,2,7,7
Kalyug Ke Avtaar_1995,1995,2,3,2,3
Jwala_1971,1971,3,4,3,9
Waqt Ki Awaz_1988,1988,2,1,4,4
Jigar_1992,1992,4,2,5,6
Chalte Chalte (1976 film)_1976,1976,4,1,5,2
Madaari_2016,2016,2,0,2,0
Naseeb Apna Apna_1986,1986,1,3,5,5
Khiladi 420_2000,2000,4,3,6,4
Papi Gudia_1996,1996,2,2,2,5
Dil Aashna Hai_1992,1992,4,3,4,11
Tezaab_1988,1988,2,3,2,6
Amba (film)_1990,1990,2,3,3,6
Jwar Bhata (1973 film)_1973,1973,1,2,3,5
Love in Canada_1979,1979,2,2,3,3
Rukhsat_1988,1988,2,1,5,3
Mera Dil Tere Liye_1992,1992,4,1,5,5
Itihaas (film)_1997,1997,4,2,10,11
Insaan Aur Shaitan_1970,1970,1,1,1,3
The Shaukeens_2014,2014,5,1,6,1
Tajurba_1981,1981,3,4,4,4
Marte Dam Tak_1987,1987,5,3,5,3
Do Jasoos_1975,1975,4,2,5,4
Saat Sawal_1971,1971,1,1,3,10
Pyar Ke Kabil_1987,1987,1,2,2,3
The Dirty Picture_2011,2011,2,2,3,5
Double Dhamaal_2011,2011,0,2,0,3
Sarbjit (film)_2016,2016,5,2,7,2
Umrao Jaan_1981,1981,2,3,3,7
Striker (2010 film)_2010,2010,6,1,8,1
Rabba Main Kya Karoon_2013,2013,4,1,5,1
Commando-A One Man Army_2013,2013,2,1,2,1
Ragini MMS 2_2014,2014,2,1,2,2
Kahaani 2: Durga Rani Singh_2016,2016,2,2,2,2
Tohfa_1984,1984,2,2,5,5
Besharam_1978,1978,1,2,1,3
Vijay (1988 film)_1988,1988,3,3,4,6
Dil Ki Rahen_1973,1973,1,2,5,6
Atithee_1978,1978,1,3,5,5
Hafta Bandh_1991,1991,2,3,5,5
Aitbaar_1985,1985,0,2,0,4
Naya Kadam_1984,1984,2,2,7,7
Aahat (film)_1974,1974,1,1,2,2
Apna Desh_1972,1972,2,3,4,6
Deewana Tere Naam Ka_1987,1987,2,2,3,4
Paap Ko Jalaa Kar Raakh Kar Doonga_1988,1988,2,1,11,8
Soorma Bhopali_1988,1988,2,2,5,2
Mumbai Delhi Mumbai_2014,2014,1,0,1,0
Humpty Sharma Ki Dulhania_2014,2014,7,5,9,6
Godam_1983,1983,3,0,12,0
Anamika (1973 film)_1973,1973,1,2,1,4
Pyar Pyar_1993,1993,2,3,6,7
Radio (2009 film)_2009,2009,1,3,1,6
Raja Ko Rani Se Pyar Ho Gaya_2000,2000,4,1,6,2
Maya Darpan_1972,1972,0,1,0,2
Awara Zindagi_1989,1989,2,2,3,15
Soldier Thakur Daler Singh_1970,1970,1,2,4,7
Chittagong (film)_2012,2012,4,1,7,1
Zakhmo Ka Hisaab_1993,1993,2,4,5,6
Jayantabhai Ki Luv Story_2013,2013,1,0,2,0
Yaara Dildara_1991,1991,3,3,6,4
Banarasi Babu (1997 film)_1997,1997,2,2,2,2
Bulandi (2000 film)_2000,2000,5,4,8,7
Mrityudand_1997,1997,1,1,2,1
Bombay Talkie (1970 film)_1970,1970,2,2,2,3
Khudgarz_1987,1987,1,1,4,2
Khel (1992 film)_1992,1992,1,6,1,8
Sanam Tere Hain Hum_1992,1992,5,4,5,4
Saas Bhi Kabhi Bahu Thi_1970,1970,3,4,6,5
Prem Bandhan_1979,1979,2,2,3,4
Beqasoor_1980,1980,4,1,5,6
Commando (1988 film)_1988,1988,2,2,2,5
God and Gun_1995,1995,4,2,5,4
Janwar Aur Insaan_1972,1972,0,0,0,0
Rajnigandha_1974,1974,1,1,1,1
Arjun (1985 film)_1985,1985,1,2,1,3
Lootere_1993,1993,4,5,5,8
Mera Lahoo_1987,1987,1,1,1,1
Kunwara_2000,2000,2,1,8,5
Anmol_1993,1993,2,1,4,5
Roy (film)_2015,2015,3,2,7,3
Tamacha_1988,1988,2,3,2,4
Jeans (1998 film)_1998,1998,3,4,3,4
Housefull 2_2012,2012,3,4,6,9
Agar... If_1977,1977,2,1,2,3
Te3n_2016,2016,3,1,3,1
Gaja Gamini (2000 film)_2000,2000,4,1,5,4
Rangrezz_2013,2013,1,0,1,0
Ajay (1996 film)_1996,1996,3,2,10,7
Fateh (1991 film)_1991,1991,3,4,4,10
Bazaar Band Karo_1974,1974,3,1,4,5
Aan Aur Shaan_1984,1984,2,2,3,3
Heartless (2014 film)_2014,2014,6,1,10,1
Ek Tha Raja_1996,1996,3,3,6,4
Hare Rama Hare Krishna (1971 film)_1971,1971,2,3,8,7
Sargam (1979 film)_1979,1979,1,1,7,3
Preet Ki Dori_1971,1971,1,2,2,8
Hum Intezaar Karenge_1989,1989,3,3,4,3
Chor Pe Mor_1990,1990,1,2,1,7
Do Thug_1975,1975,1,2,1,4
Dushman (1998 film)_1998,1998,4,1,5,4
Bandook (2013 film)_2013,2013,3,1,3,1
Ahankaar_1995,1995,2,4,2,5
Jeevan Ek Sanghursh_1990,1990,0,3,0,10
Zakhmee Insaan_1982,1982,2,5,4,10
Amaanat_1977,1977,1,1,2,4
Zanjeer (2013 film)_2013,2013,1,4,1,5
Aazaan_2011,2011,3,0,3,0
Aandhi_1975,1975,3,2,5,4
Maharaja (1998 film)_1998,1998,3,1,6,5
Bichhoo (2000 film)_2000,2000,6,5,7,5
Sant Gyaneshwar_1982,1982,3,1,3,5
Baat Ban Jaye_1986,1986,1,3,2,3
Amar Shakti_1978,1978,2,3,4,4
Zinda Dil_1975,1975,4,1,7,3
Sunny (1984 film)_1984,1984,2,2,4,3
Kamagni_1987,1987,1,2,2,3
Qahar_1997,1997,1,2,4,4
Amanaat_1994,1994,3,1,7,4
Zanjeer (1973 film)_1973,1973,2,2,2,4
Ram Jaane_1995,1995,3,2,8,3
Coolie No. 1 (Hindi film)_1995,1995,3,3,7,5
Jo Hum Chahein_2011,2011,4,4,5,4
Puraskar_1970,1970,2,1,3,4
Tahalka_1992,1992,5,2,7,5
Duniya Ka Mela_1974,1974,1,2,2,9
Jeet (1996 film)_1996,1996,3,3,5,7
Rocky Handsome_2016,2016,3,2,5,4
Dharkan_1972,1972,3,2,7,9
Abhinay Chakra_2014,2014,0,1,0,1
Satyagraha  Democracy Under Fire_2013,2013,1,0,2,0
Shootout at Wadala_2013,2013,2,0,9,0
Baadal_1985,1985,3,1,11,1
Paanch Dushman_1973,1973,2,2,8,4
Andaz (1971 film)_1971,1971,3,3,7,6
Bahaar Aane Tak_1990,1990,2,2,3,8
Munna Michael_2017,2017,4,3,4,4
Meri Biwi Ki Shaadi_1979,1979,2,3,4,5
Kartavya (1979 film)_1979,1979,1,3,5,9
Ghar (film)_1978,1978,2,2,3,4
Yeh Mera India_2009,2009,1,1,1,1
Ek Mutthi Aasmaan_1973,1973,2,2,5,6
International Crook_1974,1974,2,2,4,2
Anaam_1992,1992,3,3,7,3
Mera Haque_1986,1986,2,2,2,3
Jeeva (1986 film)_1986,1986,1,2,1,6
Jai Santoshi Maa_1975,1975,3,1,4,3
Nagin (1976 film)_1976,1976,3,3,4,6
Jeene Ki Arzoo_1981,1981,2,2,2,3
Toofan (1989 film)_1989,1989,3,3,4,3
Meri Jung_1985,1985,4,3,4,5
Romance (1983 film)_1983,1983,2,3,2,8
Tirangaa_1992,1992,2,2,2,9
Jail (2009 film)_2009,2009,2,1,5,2
Life Express (2010 film)_2010,2010,2,1,2,1
Aa Ab Laut Chalen_1999,1999,5,2,9,9
Shriman Shrimati_1982,1982,2,1,5,2
Bhala Manus_1976,1976,0,0,0,0
Ramaiya Vasta Vaiya_2013,2013,2,3,4,6
Ek Hi Maqsad_1988,1988,1,1,3,3
C.I.D. (1990 film)_1990,1990,3,2,3,4
Mann (1999 film)_1999,1999,2,3,9,6
Do Matwale_1991,1991,2,3,2,4
Suhaagan_1986,1986,1,3,3,5
Hulchul (1995 film)_1995,1995,2,2,2,4
Zalzala (1988 film)_1988,1988,4,3,4,5
Maahir_1996,1996,4,3,11,5
Zulmi_1999,1999,2,2,2,8
Aaj Ka Ye Ghar_1976,1976,1,1,2,2
Aaj (1987 film)_1987,1987,1,1,3,2
Dulhe Raja (1998 film)_1998,1998,3,2,6,4
Kahani Kismat Ki_1973,1973,2,2,6,3
Bhemaa_1984,1984,0,1,0,4
Angaaray (1986 film)_1986,1986,2,3,2,4
Shaitan (film)_2011,2011,3,3,4,3
Mere Bhaiya_1972,1972,0,2,0,2
Aan Milo Sajna_1970,1970,2,2,4,4
Laawaris_1981,1981,3,2,6,2
Akele Hum Akele Tum_1995,1995,6,1,10,3
Himmatwala (2013 film)_2013,2013,3,4,3,6
Crazy Cukkad Family_2015,2015,4,0,5,0
Dil Hai Ke Manta Nahin_1991,1991,2,1,5,13
King Uncle (1993 film)_1993,1993,3,4,5,7
Rishta To Ho Aisa_1992,1992,2,3,2,4
Jalwa_1987,1987,0,2,0,3
Taqdeer Ka Badshah_1982,1982,2,1,6,2
Aastha: In the Prison of Spring_1997,1997,1,2,1,3
Pyar Ke Naam Qurbaan_1990,1990,1,1,2,7
Love Sex aur Dhokha_2010,2010,1,2,6,2
Love Story (1981 film)_1981,1981,0,3,0,10
Haqeeqat (1985 film)_1985,1985,2,6,2,6
Paap Ki Duniya_1988,1988,3,3,4,4
Auzaar_1997,1997,7,1,10,3
Badnam Farishte_1971,1971,2,1,6,5
Ghulami_1985,1985,1,1,1,3
Paap Ki Aandhi_1991,1991,1,3,1,5
Badhti Ka Naam Dadhi_1974,1974,4,2,9,2
Yaraana (1981 film)_1981,1981,2,0,6,0
Maa Ka Aanchal_1970,1970,2,1,4,6
Bidaai (1974 film)_1974,1974,1,3,2,5
Patton Ki Bazi_1986,1986,2,1,4,10
Aakhri Mujra_1981,1981,0,0,0,0
Dharm Adhikari_1986,1986,2,3,3,5
Hum Dil De Chuke Sanam_1999,1999,8,3,12,10
Dilwale Kabhi Na Hare_1992,1992,2,2,7,5
Bhula Na Dena_1981,1981,2,3,3,7
Jeeo Shaan Se_1997,1997,2,1,6,1
Vakil Babu_1982,1982,1,2,2,3
Hanste Khelte_1994,1994,3,1,4,1
Koi Jeeta Koi Haara_1976,1976,2,2,6,6
Mohabbat (1985 film)_1985,1985,1,3,4,3
Baharon Phool Barsao_1972,1972,0,1,0,4
Dadagiri (film)_1987,1987,1,1,1,6
Bullett Raja_2013,2013,3,3,5,3
Gangster (1994 movie)_1994,1994,2,6,3,9
Kaho Naa... Pyaar Hai_2000,2000,3,3,5,5
Mar Mitenge (1988 film)_1988,1988,3,3,4,5
Pyari Behna_1985,1985,2,2,10,4
Lal Patthar_1971,1971,3,1,3,3
Bandhe Haath_1973,1973,4,2,10,20
Ganga Tere Desh Mein_1988,1988,0,2,0,4
Ishq Junoon_2016,2016,3,0,5,0
Dhaal_1997,1997,3,1,5,1
Dil Ka Doctor_1995,1995,3,3,6,3
Aatank Hi Aatank_1995,1995,3,3,4,6
Noorie_1979,1979,2,5,3,9
Shankar Dada_1976,1976,2,1,5,5
Zakhmi Aurat_1988,1988,0,3,0,5
Jeet Hamaari_1983,1983,3,2,5,3
Amit Sahni Ki List_2014,2014,3,3,3,3
Dil Tujhko Diya_1987,1987,1,2,2,4
Mast (film)_1999,1999,2,3,6,7
Tere Bina Kya Jeena_1989,1989,0,1,0,3
Do Knot Disturb_2009,2009,4,3,7,8
Dak Bangla (film)_1987,1987,1,1,1,2
Anokha Premyudh_1994,1994,2,4,5,5
Prem Aggan_1998,1998,4,3,6,5
Mrityudata_1997,1997,3,2,5,2
Keemat  They Are Back_1998,1998,5,3,7,5
Freaky Ali_2016,2016,0,1,0,1
Dilwale (1994 film)_1994,1994,2,1,7,4
Ghar Bazar_1998,1998,0,4,0,7
We Are Family (2010 film)_2010,2010,5,4,8,7
David (2013 Hindi film)_2013,2013,5,4,8,5
Gang of Ghosts_2014,2014,7,4,11,4
Albela (1971 film)_1971,1971,1,2,7,8
Dastak_1970,1970,0,1,0,1
Kalabaaz_1977,1977,1,2,3,2
Chor Police_1983,1983,3,2,3,5
Laawaris (1999 film)_1999,1999,4,2,5,3
Nautanki Saala_2013,2013,4,2,8,4
Yateem_1988,1988,1,1,3,3
Lootmaar_1980,1980,1,2,4,5
Tum Bin 2_2016,2016,7,5,12,6
Mulzim_1988,1988,2,1,2,3
Mumbai Mast Kallander_2011,2011,4,3,6,3
Knock Out (2010 film)_2010,2010,4,1,4,2
Woh Jo Hasina_1983,1983,0,2,0,5
Chala Murari Hero Banne_1977,1977,1,3,4,11
Jal (film)_2014,2014,3,1,5,1
Bhagwan Parshuram_1970,1970,2,3,2,4
Bahurani (1989 film)_1989,1989,1,3,2,10
Shakti (1982 film)_1982,1982,2,1,3,2
Muqabla_1993,1993,0,0,0,0
Mera Karam Mera Dharam_1987,1987,2,3,2,3
Phool (1993 film)_1993,1993,2,2,6,4
Kurukshetra (2000 film)_2000,2000,4,2,7,6
Shaitani Ilaaka_1990,1990,3,1,5,1
Chambal Ki Kasam_1980,1980,3,1,3,2
Jaan-E-Bahaar_1979,1979,4,4,6,6
Chalta Purza_1977,1977,1,3,3,4
Pratibandh_1990,1990,0,2,0,8
Sharafat (1970 film)_1970,1970,0,2,0,6
Waarrior Savitri_2016,2016,3,2,3,2
Earth (1998 film)_1998,1998,3,3,6,3
Bhagwaan Dada_1986,1986,1,2,2,4
Vinashak - Destroyer_1998,1998,2,4,2,5
Thalapathi_1991,1991,3,2,6,5
Dhanwan (1981 film)_1981,1981,3,1,8,6
Amir Garib_1974,1974,2,1,6,3
Chaar Din Ki Chandni_2012,2012,3,3,4,4
Kabhi Dhoop Kabhi Chhaon_1971,1971,2,3,4,8
Karamdaata_1986,1986,1,3,2,5
Aisa Pyaar Kahan_1986,1986,1,2,1,4
Shiv Charan_1982,1982,3,2,5,6
Goonj (1974 film)_1974,1974,2,2,2,4
Prateeksha_1993,1993,2,3,3,5
Goliyon Ki Rasleela Ram-Leela_2013,2013,4,2,7,4
Daanveer_1996,1996,4,3,5,4
Anokha Bandhan_1982,1982,0,4,0,6
Help (film)_2010,2010,4,2,7,4
Agar Tum Na Hote_1983,1983,1,3,4,8
Apne Dushman_1975,1975,1,1,4,4
Alone (2015 Hindi film)_2015,2015,1,2,2,2
Shor in the City_2011,2011,3,2,4,3
Doosri Dulhan_1983,1983,2,1,4,5
Ab Insaf Hoga_1995,1995,3,4,3,5
Salaakhen (1975 film)_1975,1975,1,2,1,4
Boss (2013 Hindi film)_2013,2013,5,2,10,2
Love Love Love (1989 film)_1989,1989,0,3,0,4
Pukar (1983 film)_1983,1983,4,2,8,3
Ginny Aur Johnny_1976,1976,2,1,7,1
Professor Ki Padosan_1993,1993,1,2,2,6
Sultan (2016 film)_2016,2016,7,3,12,3
Delhi Belly (film)_2011,2011,2,0,6,0
Chhoti Bahoo_1994,1994,1,3,3,5
Ladki Pasand Hai_1971,1971,4,4,9,12
Kathputli (1971 film)_1971,1971,3,2,7,5
Amar Prem_1972,1972,3,1,5,2
Faraar_1975,1975,2,1,4,3
Entertainment (2014 film)_2014,2014,1,0,4,0
Mirch_2010,2010,2,3,2,3
Kunwara Badan_1973,1973,1,2,2,6
Manjunath (Film)_2014,2014,1,0,1,0
Aaj Ki Taaza Khabar_1973,1973,1,1,2,1
Hindustan Ki Kasam (1999 film)_1999,1999,4,6,8,9
Ek Thi Reeta_1971,1971,2,2,3,6
Do Raha_1971,1971,1,0,1,0
Love 86_1986,1986,2,3,3,5
Do Dooni Chaar_2010,2010,3,1,6,2
Aag Aur Chingari_1994,1994,1,3,1,4
Taqdeer (1983 film)_1983,1983,0,2,0,5
Ek Duuje Ke Liye_1981,1981,1,2,3,4
Kasum Khoon Ki_1977,1977,3,1,6,2
Waqt Ki Pukar_1984,1984,3,2,5,3
Anhonee (1973 film)_1973,1973,1,3,2,8
Mehboob Ki Mehndi_1971,1971,2,2,5,5
Awaargi_1990,1990,1,3,1,4
One Night Stand (2016 film)_2016,2016,3,2,3,2
Chal Chala Chal_2009,2009,3,2,5,4
Bade Dilwala_1999,1999,3,3,6,6
Guddi (1971 film)_1971,1971,0,1,0,3
Anuraag (1972 film)_1972,1972,2,1,2,5
Jaisi Karni Waisi Bharni_1989,1989,2,2,2,3
Bhagwan Shri Krishna_1985,1985,1,1,1,4
Baby (2015 film)_2015,2015,2,0,2,0
Parwana (1971 film)_1971,1971,2,1,3,1
Aur Kaun?_1979,1979,1,1,1,1
Life Ki Toh Lag Gayi (Film)_2012,2012,2,0,6,0
Rakht Charitra_2010,2010,7,0,9,0
Yeh Raat Phir Na Aayegi_1992,1992,2,1,3,7
Payal Ki Jhankaar_1980,1980,4,4,8,5
Ragini MMS_2011,2011,1,2,2,2
Betaaj Badshah_1994,1994,4,2,8,4
Akayla_1991,1991,1,1,3,3
Roti Kapda Aur Makaan_1974,1974,2,1,3,5
Black Mail (1973 film)_1973,1973,1,1,12,10
Yaaron Ka Yaar_1977,1977,3,1,3,3
Raat Gayi Baat Gayi?_2009,2009,0,1,0,4
Main Awara Hoon_1983,1983,1,2,4,3
Ram Bharose_1977,1977,2,1,8,4
Swarag Se Sunder_1986,1986,1,2,4,6
Gambler (1971 film)_1971,1971,2,1,5,2
Insaaf (1987 film)_1987,1987,0,1,0,3
Samraat (film)_1982,1982,4,2,6,6
Zokkomon_2011,2011,2,0,5,0
W (2014 film)_2014,2014,1,1,1,1
Fox (film)_2009,2009,2,2,4,2
Machine (2017 film)_2017,2017,4,3,7,5
Sone Ka Dil Lohe Ke Haath_1978,1978,1,1,1,2
Qaidi (1984 film)_1984,1984,1,2,4,2
Woh Din Yaad Karo_1971,1971,3,2,9,5
Hunterrr_2015,2015,5,2,5,2
Dil To Pagal Hai_1997,1997,2,2,9,9
Aulad Ke Dushman_1993,1993,3,3,10,8
Dahek_1999,1999,3,4,7,11
Kanwarlal_1988,1988,0,3,0,4
Ayee Milan Ki Raat_1991,1991,2,1,3,11
Qatil Aur Ashiq_1986,1986,2,3,5,8
Neerja_2016,2016,2,3,2,3
Preet Na Jane Reet_1984,1984,1,2,5,4
Rama O Rama_1988,1988,0,2,0,3
Bombay Talkies (film)_2013,2013,11,8,13,8
Bachpan_1970,1970,2,2,3,4
Chaalis Chauraasi_2012,2012,6,3,6,3
Shaadi Ke Baad_1972,1972,3,1,6,5
Laal Rang_2016,2016,3,0,4,0
Phool Aur Aag_1999,1999,1,2,1,4
Baahubali 2: The Conclusion_2017,2017,3,1,3,1
Shortkut_2009,2009,3,2,7,2
Jail Yatra_1981,1981,2,2,3,3
Shirdi Ke Sai Baba_1977,1977,1,3,2,4
Manthan (1976 film)_1976,1976,0,1,0,1
Criminal (1995 film)_1995,1995,2,2,2,2
Abhi To Jee Lein_1977,1977,1,1,11,3
Chor Aur Chaand_1993,1993,4,1,8,10
Baali Umar Ko Salaam_1994,1994,2,2,8,7
Samaj Ko Badal Dalo_1970,1970,1,2,2,5
Dil-E-Nadaan_1982,1982,1,2,4,3
Vishwanath (1978 film)_1978,1978,2,2,3,4
Phhir_2011,2011,1,2,1,2
Banphool_1971,1971,2,1,4,4
Yaadgaar_1984,1984,1,3,3,3
Bhumika (1977 film)_1977,1977,0,2,0,4
Grahan_1972,1972,3,3,4,6
Jolly LLB 2_2017,2017,4,2,5,2
Zindagi Aur Toofan_1975,1975,0,2,0,5
Wajood_1998,1998,3,3,4,6
Aaina (1977 film)_1977,1977,1,2,1,4
Tere Mere Sapne (1971 film)_1971,1971,2,2,3,7
Naughty @ 40_2011,2011,1,2,1,2
Ek Nazar_1972,1972,2,0,3,0
Saheb Bahadur_1977,1977,3,3,8,5
Baaghi: A Rebel for Love_1990,1990,1,3,4,8
Dhanak_2016,2016,3,1,3,1
Sawaal (film)_1982,1982,2,5,4,8
Khalifa (film)_1976,1976,2,1,6,2
Loafer (1973 film)_1973,1973,1,2,1,4
Miss 420_1998,1998,3,1,6,1
Ferrari Ki Sawaari_2012,2012,1,0,1,0
Sarkari Mehmaan_1979,1979,0,1,0,5
Mom (film)_2017,2017,2,5,2,6
Ghungroo Ki Awaaz_1981,1981,0,0,0,0
Sagina (film)_1974,1974,1,1,5,4
Naram Garam (1981 film)_1981,1981,3,2,3,4
Tyagi (film)_1992,1992,2,3,4,4
Gali Gali Chor Hai_2012,2012,2,1,3,2
Allah Rakha (film)_1986,1986,0,2,0,4
Jaggu_1975,1975,0,2,0,10
Shart (1986 film)_1986,1986,3,2,3,3
Samrat & Co._2014,2014,2,1,2,1
Yeshwant_1997,1997,4,1,7,1
Runningshaadi.com_2017,2017,4,2,5,2
Ajab Gazabb Love_2012,2012,3,0,4,0
Aalaap (film)_2012,2012,5,1,10,1
One by Two (2014 film)_2014,2014,4,1,5,1
Hawalaat_1987,1987,2,2,3,4
Awwal Number_1990,1990,2,2,5,4
Udhar Ka Sindur_1976,1976,2,3,2,6
Shapath (1997 film)_1997,1997,4,1,5,1
Tirchhi Topiwale_1998,1998,4,3,6,3
Jeeo Aur Jeene Do_1982,1982,2,3,3,5
Jeena isi Ka Naam Hai (film)_2017,2017,4,2,4,2
Chashme Buddoor (1981 film)_1981,1981,5,1,5,5
Dushman Devta_1991,1991,1,4,3,7
Jeete Hain Shaan Se_1988,1988,2,3,8,9
Iraada_1991,1991,1,1,2,3
Dushman Zamana_1992,1992,1,2,4,5
Prithvi (1997 film)_1997,1997,4,4,7,8
My Love (1970 film)_1970,1970,0,0,0,0
The Great Gambler_1979,1979,4,1,4,5
Dhan Daulat_1980,1980,0,0,0,0
Raja Jani_1972,1972,1,1,1,5
Laqshya_1994,1994,3,3,9,7
Majaal_1987,1987,1,1,4,5
Namak Halaal (1982 film)_1982,1982,2,1,4,3
Anari No.1_1999,1999,5,3,8,6
Chhota Chetan_1998,1998,1,2,4,2
Force (2011 film)_2011,2011,4,5,4,5
Garam Masala (1972 film)_1972,1972,1,1,2,5
Bhayaanak_1979,1979,1,2,2,3
Dial 100 (1982 film)_1982,1982,4,2,13,6
Shivaay_2016,2016,8,2,8,3
Buddha Mil Gaya (film)_1971,1971,2,2,6,5
Chor Sipahee_1977,1977,3,1,3,1
Teen Patti (film)_2010,2010,0,2,0,4
Star (1982 film)_1982,1982,0,1,0,4
Zindagi Ek Juaa_1992,1992,1,1,4,3
Suraj (1997 film)_1997,1997,3,2,5,3
Khoobsurat (1999 film)_1999,1999,5,4,7,6
Katilon Ke Kaatil_1981,1981,3,2,5,3
Betaab_1983,1983,0,1,0,3
Gunahon Ka Faisla_1988,1988,1,3,1,5
Meri Shadi Karao_2013,2013,2,0,10,0
Shikshaa_1979,1979,3,1,7,1
Aasha (1980 film)_1980,1980,1,1,5,3
Imaandaar_1987,1987,2,1,9,3
Fakira (film)_1976,1976,4,3,11,11
Do Dil Diwane_1981,1981,1,2,2,5
Ek Tha Tiger_2012,2012,4,2,4,4
Zor Lagaa Ke...Haiya!_2009,2009,3,1,6,2
Jung (1996 film)_1996,1996,2,1,2,4
Baazigar (1993 film)_1993,1993,2,3,4,6
Utsav_1984,1984,1,4,2,6
Geeta Mera Naam_1974,1974,1,2,2,4
Do Dilon Ki Dastaan (1985 film)_1985,1985,1,3,2,4
Shera (film)_1999,1999,3,0,7,0
U R My Jaan_2011,2011,3,3,3,4
Aage Ki Soch_1988,1988,1,1,4,4
Rajjo_2013,2013,2,1,3,4
Pazhassi Raja (2013 film)_2013,2013,6,2,9,2
Jhooth Bole Kauwa Kaate_1998,1998,4,1,8,4
Mrigayaa_1976,1976,1,1,4,2
Hira Aur Patthar_1977,1977,1,2,3,3
Kaalia_1981,1981,2,1,4,4
Ghatak: Lethal_1996,1996,2,4,3,5
Ganga Ki Saugandh_1978,1978,2,4,4,6
Hero Hindustani_1998,1998,1,0,3,0
Jeevan Sangram_1974,1974,1,3,1,7
Insaaf Ki Awaaz_1986,1986,2,2,3,3
Tera Kya Hoga Johnny_2010,2010,2,1,3,2
Teesra Kaun?_1994,1994,3,2,4,2
Maine Jeena Seekh Liya_1982,1982,2,4,6,15
Aap Ke Deewane_1980,1980,5,3,17,4
Sanam Teri Kasam (2009 film)_2009,2009,2,4,7,5
Afsana Do Dilon Ka_1982,1982,1,2,2,2
Rajput (1982 film)_1982,1982,3,2,11,3
Sajjo Rani_1976,1976,0,3,0,8
Rakta Bandhan_1984,1984,1,3,2,7
Agneepath (2012 film)_2012,2012,4,2,4,2
Dulaara_1994,1994,3,2,7,7
Goliyon Ki Raasleela Ram-Leela_2013,2013,4,2,7,4
Kalicharan_1976,1976,2,3,2,4
Door Nahin Manzil_1973,1973,2,2,4,5
Palkon Ki Chhaon Mein_1977,1977,1,2,3,3
Pyaar To Hona Hi Tha_1998,1998,5,3,6,5
Junooniyat_2016,2016,3,1,3,1
Haseenon Ka Devata_1971,1971,1,0,1,0
Fukrey_2013,2013,4,1,7,2
Happy Husbands_2011,2011,3,0,5,0
Anokha Daan_1972,1972,1,1,1,5
The Burning Train_1980,1980,2,4,4,8
Dil Toh Deewana Hai_2016,2016,2,2,4,2
Himalay Putra_1997,1997,3,2,5,5
Haque (film)_1991,1991,2,4,2,4
Arjun Pandit (1976 film)_1976,1976,1,1,1,2
Mard Ki Zabaan_1987,1987,1,1,2,1
Mere Do Anmol Ratan_1998,1998,4,2,12,3
Ek Chitthi Pyar Bhari_1985,1985,2,2,3,6
Meharbaani_1982,1982,1,1,1,1
Raja Natwarlal_2014,2014,3,2,4,2
Hum Se Na Takrana_1990,1990,3,1,3,5
Badmaash (film)_1998,1998,3,5,4,6
Ladki_1989,1989,1,1,2,2
The Gambler (1995 film)_1995,1995,3,2,4,5
Ada... A Way of Life_2010,2010,5,3,8,5
Zakhmee_1975,1975,3,2,5,4
Gautam Govinda_1979,1979,2,4,3,6
Insaaf Ka Khoon_1991,1991,1,1,3,3
Jism 2_2012,2012,2,3,4,3
Prem Tapasya_1983,1983,1,1,3,4
Koshish (1972 film)_1972,1972,0,1,0,1
Kaash_1987,1987,2,3,4,3
Man Tera Tan Mera_1971,1971,2,1,2,6
Annai Velankanni_1979,1979,2,1,5,2
Turning 30_2011,2011,3,0,6,0
Awara Baap_1985,1985,2,4,7,10
Holiday (2014 film)_2014,2014,4,2,6,3
Kareeb (1998 film)_1998,1998,2,2,5,8
Pyaar Impossible!_2010,2010,2,3,3,5
Jeevan Yudh_1997,1997,5,3,5,6
Haunted  3D_2011,2011,4,2,5,2
Kaalia (1997 film)_1997,1997,1,0,1,0
Aakhri Sajda_1977,1977,2,1,3,4
Dhadkan_2000,2000,5,1,7,5
Angel (2011 film)_2011,2011,5,1,7,3
Meri Pyaari Bindu_2017,2017,4,5,4,6
Mawaali_1983,1983,1,1,5,4
Himmat (1970 film)_1970,1970,1,2,5,5
Saagar (1985 film)_1985,1985,3,2,6,5
Sunayana_1979,1979,1,0,2,0
Pighalta Aasman_1985,1985,1,3,1,7
Prem Vivah_1979,1979,1,3,1,4
Deewana Mujh Sa Nahin_1990,1990,1,3,3,4
Aandhiyan_1990,1990,2,2,7,6
Shastra (1996 film)_1996,1996,1,1,4,1
Kamla (film)_1984,1984,1,1,4,2
Log Kya Kahenge_1982,1982,2,2,2,2
Arth (film)_1982,1982,1,1,4,1
Lovers (1983 film)_1983,1983,0,2,0,8
Aa Gale Lag Jaa (1994 film)_1994,1994,3,4,6,5
Insaniyat (1994 film)_1994,1994,4,5,6,10
Thodisi Bewafaii_1980,1980,1,3,3,4
Ghar Ho To Aisa_1990,1990,1,3,2,3
Priyatama_1977,1977,2,3,3,4
Anokhi Ada_1973,1973,3,2,7,5
Gudgudee_1997,1997,1,2,4,4
Palay Khan (film)_1986,1986,2,2,3,5
Hari Darshan_1972,1972,1,4,2,9
Papa Kehte Hai_1996,1996,3,3,5,3
Bajrangbali (film)_1976,1976,1,2,3,5
Khatron Ke Khiladi (1988 film)_1988,1988,1,4,1,7
Nazar Ke Samne_1994,1994,2,2,3,4
Masoom (1996 film)_1996,1996,6,3,7,4
Khel Khel Mein_1975,1975,3,2,5,4
Beiimaan Love_2016,2016,3,3,4,4
Deshwasi_1991,1991,1,2,5,7
Desh Ke Dushman_1989,1989,1,3,2,5
Safed Jhoot_1977,1977,2,1,4,4
Aankhen (1993 film)_1993,1993,5,5,9,5
Arjun Pandit (1999 film)_1999,1999,5,2,6,5
Krrish 3_2013,2013,5,3,8,4
Yeh Gulistan Hamara_1972,1972,4,1,9,7
Veerana_1988,1988,0,1,0,6
Aafat_1977,1977,1,2,1,6
Dishoom_2016,2016,6,3,7,5
Mera Saathi_1985,1985,3,2,5,5
Murder 3_2013,2013,4,0,7,0
Uljhan_2001,2001,2,2,3,3
Hadh Kar Di Aapne_2000,2000,3,4,5,6
Ek Aur Ek Gyarah_1981,1981,6,1,10,1
Gunehgar (1995 film)_1995,1995,2,2,5,4
Junoon (1992 film)_1992,1992,2,1,2,5
Yeh Saali Zindagi_2011,2011,4,2,7,6
Watan Ke Rakhwale_1987,1987,1,2,2,6
Jodi Breakers_2012,2012,3,2,3,2
Ek Kunwari Ek Kunwara_1973,1973,2,1,3,3
R... Rajkumar_2013,2013,4,4,7,4
Dhuen Ki Lakeer_1974,1974,2,1,5,2
Saajan Ka Ghar_1994,1994,2,2,5,9
Ram Teri Ganga Maili_1985,1985,2,1,2,4
Agnee (1988 film)_1988,1988,1,1,1,4
Dil Hi Dil Mein_1982,1982,7,2,9,2
Honour Killing (film)_2014,2014,3,1,4,2
Farebi_1974,1974,1,2,2,6
Gehra Zakhm_1981,1981,6,2,8,5
Ek Nari Do Roop_1973,1973,2,1,5,6
Zorro_1975,1975,1,0,1,0
Shapath_1984,1984,4,1,5,1
Dil Tera Deewana_1996,1996,1,2,7,5
Special 26_2013,2013,7,2,8,2
Paathshaala_2010,2010,1,0,1,0
Paappi Devataa_1995,1995,0,1,0,3
Guzaarish (2010 film)_2010,2010,4,2,4,2
Unees-Bees_1980,1980,3,3,7,3
Holi Ayee Re_1970,1970,4,3,5,4
Khoon Bhari Maang_1988,1988,1,2,2,10
Vaastav: The Reality_1999,1999,6,1,12,2
Mashaal_1984,1984,5,1,10,4
Chaahat (1996 film)_1996,1996,4,3,6,4
Jaanwar (1999 film)_1999,1999,4,4,6,11
Saazish (1988 film)_1988,1988,2,4,3,7
Farz Aur Kanoon_1982,1982,2,1,3,4
Mere Sartaj_1975,1975,2,1,2,5
Bombay 405 Miles_1980,1980,3,3,4,4
Bagula Bhagat_1979,1979,2,2,7,4
Immaan Dharam_1977,1977,4,2,8,2
Angaaray (1998 film)_1998,1998,5,3,9,8
Yeh Hai Mumbai Meri Jaan_1999,1999,4,2,8,5
Firaaq_2009,2009,4,1,4,1
Life Partner (film)_2009,2009,4,2,7,4
Kranti (1981 film)_1981,1981,6,1,11,5
Yudh (film)_1985,1985,3,5,3,9
Kunwara Baap (1974 film)_1974,1974,2,1,4,2
Jaaneman (1976 film)_1976,1976,6,3,9,8
Dilwaala_1986,1986,2,3,6,7
Sant Ravidas Ki Amar Kahani_1983,1983,2,1,3,2
Ganga Aur Ranga_1994,1994,0,1,0,4
Hindustan Ki Kasam_1973,1973,2,1,5,4
Sharafat Chod Di Maine_1976,1976,1,0,2,0
Farishtay_1991,1991,0,5,0,11
Jai Veeru_2009,2009,4,0,7,0
Kati Patang (1970 film)_1971,1971,3,2,6,3
Bade Dil Wala_1983,1983,2,1,7,5
Maha Shaktishaali_1994,1994,2,3,3,5
Kucch Luv Jaisaa_2011,2011,5,2,7,2
Call Girl (1974 film)_1974,1974,1,2,5,6
Meinu Ek Ladki Chaahiye_2014,2014,1,1,1,1
Bhabhi (1991 film)_1991,1991,4,3,4,6
Naam Shabana_2017,2017,1,3,1,3
Dabangg 2_2012,2012,5,2,6,7
Chashme Baddoor (2013 film)_2013,2013,2,1,5,2
Ek Anari Do Khiladi_1996,1996,2,3,2,3
Achanak (1998 film)_1998,1998,4,2,8,6
Do Khiladi_1976,1976,2,2,4,4
Luv Shuv Tey Chicken Khurana_2012,2012,6,0,9,0
Khubsoorat_1980,1980,2,2,3,5
Yeh Dooriyan_2011,2011,3,2,5,3
Paandav_1995,1995,2,4,5,5
Loveshhuda_2016,2016,3,0,4,0
Pyar Ka Mandir_1988,1988,3,2,4,2
Shatranj Ke Mohre_1974,1974,2,2,2,3
Yehi Hai Zindagi_1977,1977,2,2,3,3
Ghulam-E-Mustafa_1997,1997,3,2,3,3
Madadgaar_1987,1987,2,1,2,3
Mr Joe B. Carvalho_2014,2014,3,1,3,1
Preetam_1972,1972,2,2,4,2
Ashanti (1982 film)_1982,1982,3,2,3,4
Aulad (1987 film)_1987,1987,1,2,1,5
Billa No. 786_2000,2000,1,0,1,0
Karz (film)_1980,1980,3,3,7,3
Ghazab Tamasha_1992,1992,1,2,7,2
Do Aur Do Paanch_1980,1980,2,3,5,3
Roti (1974 film)_1974,1974,1,1,4,2
Sau Crore_1991,1991,2,4,3,7
Raja Hindustani_1996,1996,3,3,8,7
Muqaddar Ka Sikander_1978,1978,2,3,4,6
Victoria No. 203_1972,1972,2,1,6,2
Shatru_1986,1986,2,2,6,5
Phool Khile Hain Gulshan Gulshan (film)_1978,1978,4,2,6,2
Do Yaar_1972,1972,0,0,0,0
Chaarfutiya Chhokare_2014,2014,0,2,0,3
Raat Ke Gunaah_1994,1994,2,1,2,3
Paraya Dhan_1971,1971,3,2,5,4
Sham Ghansham_1998,1998,5,4,9,11
Suraag 1982 film_1982,1982,3,2,4,3
Maya Memsaab_1993,1993,2,1,2,5
Sarfarosh (1985 film)_1985,1985,3,3,4,4
Pyaara Dushman_1980,1980,1,2,3,5
Saajan Bina Suhagan_1978,1978,4,5,5,8
Chhote Sarkar (1974 film)_1974,1974,1,2,2,3
Darmiyaan_1997,1997,3,2,4,7
Gundagardi_1997,1997,4,3,8,5
Khuddar_1994,1994,3,1,6,5
Love Marriage (1984 film)_1984,1984,1,4,2,8
Barkhaa (2015 film)_2015,2015,6,3,7,3
Rangbaaz (1996 film)_1996,1996,3,2,8,3
Mera Shikar_1988,1988,1,1,2,6
Chaand Kaa Tukdaa_1994,1994,1,2,1,8
Jaal (1986 film)_1986,1986,1,1,1,2
Double Cross (1972 film)_1972,1972,1,1,4,6
Ham Sab Chor Hain (1995 film)_1995,1995,5,3,7,7
Jaan Ki Baazi_1985,1985,1,2,2,4
Uff! Yeh Mohabbat_1997,1997,4,3,7,6
Aar Ya Paar_1997,1997,8,5,9,6
Dance Dance (film)_1987,1987,1,1,1,5
Devta (1998 film)_1998,1998,2,2,3,2
Aag Ka Toofan_1993,1993,1,2,3,4
Gunda (film)_1998,1998,3,2,3,4
Daaman Aur Aag_1973,1973,2,3,3,4
Yeh Desh_1984,1984,5,2,5,3
Bandh Darwaza_1990,1990,1,2,2,2
Pardesi_1970,1970,1,1,1,4
Ilzaam_1986,1986,0,4,0,8
Chakkar Pe Chakkar_1977,1977,0,0,0,0
Joker (2011 film)_2012,2012,3,2,3,2
Ek Phool Teen Kante_1997,1997,4,2,5,5
Apmaan Ki Aag_1990,1990,1,2,2,4
Geraftaar_1985,1985,2,1,7,3
Saugandh (1991 film)_1991,1991,1,1,1,6
Ankur Arora Murder Case_2013,2013,2,1,2,1
Khiladiyon Ka Khiladi_1996,1996,4,4,5,5
Chatur Singh Two Star_2011,2011,2,3,4,4
Mehndi (1998 film)_1998,1998,2,4,2,5
Sher-E-Hindustan_1997,1997,1,1,2,1
Kahin Hai Mera Pyar_2014,2014,0,0,0,0
Jagga Jasoos_2017,2017,2,1,4,1
Yamla Pagla Deewana 2_2013,2013,8,4,12,8
Noor (film)_2017,2017,4,2,4,2
Humse Badhkar Kaun_1998,1998,3,2,6,2
Maa Beti_1987,1987,4,2,5,7
Main Tera Dushman_1989,1989,1,3,1,6
Badmashiyaan_2015,2015,4,1,4,1
Ghar Dwaar_1985,1985,0,0,0,0
Nauker (1979 film)_1979,1979,2,2,4,10
Rock Dancer_1995,1995,2,6,10,13
Jahan Tum Le Chalo_1999,1999,3,2,8,4
Chhupa Rustam_1973,1973,2,2,4,5
Rakhi Aur Rifle_1976,1976,0,2,0,8
Manzil (1979 film)_1979,1979,1,2,2,2
Indrajeet_1991,1991,4,2,4,6
Yeh Nazdeekiyan_1982,1982,0,2,0,8
Inkaar (2013 film)_2013,2013,5,2,7,2
Yugandhar (1993 film)_1993,1993,2,3,3,7
Sarkar 3_2017,2017,4,0,6,0
Jhutha Sach (film)_1984,1984,1,3,2,7
Saazish (1975 film)_1975,1975,0,1,0,6
Toote Khilone_1978,1978,3,2,8,4
Main Aurr Mrs Khanna_2009,2009,5,3,6,10
Vishnu-Devaa_1991,1991,0,4,0,6
Mardon Wali Baat_1988,1988,1,1,1,10
Do Jhoot_1975,1975,5,2,6,7
Dirty Politics (film)_2015,2015,0,2,0,2
Hathkadi_1995,1995,4,3,9,8
Shamitabh_2015,2015,2,1,4,1
Ghanchakkar (film)_2013,2013,2,1,4,1
Total Siyapaa_2014,2014,1,1,5,1
Deewana (1992 film)_1992,1992,1,3,6,5
Hum (1991 film)_1991,1991,2,3,5,7
Nishana (1995 film)_1995,1995,2,3,3,6
Jawab (1970 film)_1970,1970,2,4,4,7
Jungle (2000 film)_2000,2000,6,3,9,6
Krishna (1996 film)_1996,1996,4,2,5,3
Jeevan Dhaara_1982,1982,4,4,6,5
Warrant (1975 film)_1975,1975,1,1,3,2
Keemat (film)_1973,1973,5,3,7,5
Love (1991 film)_1991,1991,2,3,5,5
Aap Ki Khatir (1977 film)_1977,1977,3,2,5,4
Numbri Aadmi_1991,1991,1,5,2,13
Himmatvar_1996,1996,4,3,5,6
Krishna Aur Kans_2012,2012,7,3,10,5
Chhote Sarkar (1996 film)_1996,1996,2,1,6,6
Holiday: A Soldier Is Never Off Duty_2014,2014,4,2,6,3
Chupke Chupke_1975,1975,2,1,2,3
Raaj Tilak_1984,1984,2,4,5,10
Raaz Reboot_2016,2016,4,1,7,1
Banjo (2016 film)_2016,2016,2,1,8,1
Cover Story (2000 film)_2000,2000,3,1,5,3
Bhavani Junction_1985,1985,1,1,1,4
Bade Miyan Chote Miyan_1998,1998,3,5,10,9
Dhoom 3_2013,2013,3,3,3,3
Beharoopia_1971,1971,1,2,1,7
Aakhri Daku_1978,1978,1,2,1,3
Hate Story 2_2014,2014,2,2,6,4
Ladki Jawan Ho Gayi_1977,1977,3,1,5,5
F.A.L.T.U_2011,2011,0,0,0,0
Mera Jawab_1985,1985,0,2,0,5
Barfi!_2012,2012,8,3,12,3
Kabhi Na Kabhi_1998,1998,5,4,6,5
Rivaaj_1972,1972,3,4,5,5
MSG: The Messenger_2015,2015,1,0,8,0
Zabardast_1985,1985,2,1,5,4
Sewak_1975,1975,0,2,0,8
Aaj Ke Shahenshah_1990,1990,3,2,3,4
Shor (1972 film)_1972,1972,5,1,9,6
Udaan (2010 film)_2010,2010,10,0,16,0
Yaadon Ki Baaraat_1973,1973,3,4,7,7
Zakhmi Sher_1984,1984,2,5,2,5
Khamoshiyan_2015,2015,4,2,10,3
Gayatri Mahima_1977,1977,4,3,7,6
Utt Pataang_2011,2011,2,0,5,0
Memsaab (film)_1971,1971,2,2,3,8
Safar (film)_1970,1970,4,1,5,1
Jeevan Mukt_1977,1977,0,1,0,4
Shatranj (film)_1993,1993,6,2,9,3
English Babu Desi Mem_1996,1996,3,4,4,7
Mazloom_1986,1986,1,2,1,5
Kudrat_1981,1981,3,2,4,3
Biwi Ho To Aisi_1988,1988,0,2,0,6
Himmat (1996 film)_1996,1996,4,2,7,5
Bairaag_1976,1976,2,2,4,4
Army (1996 film)_1996,1996,5,3,7,6
Creature 3D_2014,2014,5,1,8,1
Santaan_1993,1993,3,3,6,5
Johny I Love You_1982,1982,2,2,4,4
Aan Baan (1972 film)_1972,1972,1,2,6,3
Zindagani_1986,1986,1,1,1,4
Ek Nai Paheli_1984,1984,3,4,4,9
Judaai (1997 film)_1997,1997,5,4,7,11
Pyar Jhukta Nahin_1985,1985,0,2,0,5
Nehle Pe Dehla_1976,1976,2,2,3,4
Johar Mehmood in Hong Kong_1971,1971,5,5,12,8
Maryada (film)_1971,1971,3,2,7,4
Veer (film)_2010,2010,5,4,8,6
Hote Hote Pyar Ho Gaya_1999,1999,3,4,3,5
8 x 10 Tasveer_2009,2009,1,0,2,0
Jaane Kahan Se Aayi Hai_2010,2010,3,1,5,2
Aaj Ki Awaz_1984,1984,2,0,6,0
Dalaal_1993,1993,3,3,7,5
Action Jackson (2014 film)_2014,2014,2,3,4,9
Yamla Pagla Deewana_2011,2011,8,5,9,9
Ustadon Ke Ustad (1998 film)_1998,1998,2,2,2,4
Mr. Bechara_1996,1996,2,4,4,5
Baaghi (2016 film)_2016,2016,5,4,5,4
Dangerous Ishq_2012,2012,1,4,5,8
Lamhaa_2010,2010,3,1,4,2
Paisa Yeh Paisa_1985,1985,1,3,2,5
Prem Granth_1996,1996,1,2,1,5
Toilet: Ek Prem Katha_2017,2017,1,1,2,2
Do Bachche Dus Haath_1972,1972,2,1,6,6
Smuggler (1996 film)_1996,1996,4,2,10,10
Aasoo Bane Angaarey_1993,1993,0,5,0,7
Kahaani_2012,2012,5,2,6,2
Inkaar (1978 film)_1977,1977,2,2,3,2
Shankar Shambhu_1976,1976,3,2,4,5
Azhar (film)_2016,2016,3,3,3,3
Aurat Aurat Aurat_1996,1996,0,4,0,10
Suhana Safar_1970,1970,1,3,3,3
Gunahon Ka Devta (1990 film)_1990,1990,2,4,3,8
Naukar Biwi Ka_1983,1983,3,1,5,4
Milenge Milenge_2010,2010,2,3,3,4
Phool Aur Angaar_1993,1993,2,0,2,0
Bittoo Boss_2012,2012,1,2,1,2
Kamaal Dhamaal Malamaal_2012,2012,4,5,5,6
Parbat Ke Us Paar_1988,1988,1,3,2,5
Meraa Dost Meraa Dushman_1984,1984,2,1,8,5
Chaar Sahibzaade: Rise of Banda Singh Bahadur_2016,2016,3,0,6,0
Kachche Dhaage_1973,1973,4,3,9,12
Irada (2017 film)_2017,2017,0,0,0,0
From Sydney with Love_2012,2012,3,2,6,3
Kahin Aar Kahin Paar_1971,1971,1,3,1,3
Inspector (1970 film)_1970,1970,2,1,2,4
Azaad (1978 film)_1978,1978,1,1,3,3
Chowkidar_1974,1974,2,2,4,4
Kali Ghata (1980 film)_1980,1980,1,2,3,5
Gharaonda_1977,1977,0,1,0,2
Choron Ka Chor_1970,1970,2,2,2,3
Chandni_1989,1989,3,5,4,8
Hu Tu Tu_1999,1999,1,3,2,11
Sangdil Sanam_1994,1994,1,3,1,8
Naamcheen_1991,1991,1,3,1,3
Rickshawala_1973,1973,0,0,0,0
Manchali (1973 film)_1973,1973,2,1,4,1
Chance Pe Dance_2010,2010,2,0,3,0
Zamane Se Poocho_1976,1976,2,2,5,5
Sanam Teri Kasam (2016 film)_2016,2016,4,2,5,5
Asha Jyoti_1984,1984,1,2,6,10
Anjaana Anjaani_2010,2010,4,3,4,3
Pagla Kahin Ka_1970,1970,2,2,4,3
Gulaab Gang_2014,2014,2,5,4,8
Aisha (film)_2010,2010,4,2,5,3
Ganwaar_1970,1970,0,1,0,1
Prem Pratigyaa_1989,1989,2,1,5,3
Rush (2012 film)_2012,2012,5,0,5,0
Sikka (1989 film)_1989,1989,2,4,2,5
Raja (1995 film)_1995,1995,1,1,9,9
Taraazu_1997,1997,4,3,7,5
Dharam Sankat Mein_2015,2015,3,2,8,3
Bank Chor_2017,2017,4,1,4,1
Achha Bura_1983,1983,2,4,4,5
Finding Fanny_2014,2014,0,1,0,2
Police Aur Mujrim_1992,1992,2,4,5,6
Tapasya (1976 film)_1976,1976,1,3,2,4
Raees (film)_2017,2017,5,2,5,2
Narsimha(1991 film)_1991,1991,3,3,3,15
Ishkq in Paris_2013,2013,2,3,3,4
Naseeb (1997 film)_1997,1997,3,3,6,3
Madras Cafe_2013,2013,2,0,3,0
Ek Second... Jo Zindagi Badal De?_2010,2010,1,0,2,0
Hifazat (1973 film)_1973,1973,1,1,2,6
Bambai Ka Babu (1996 film)_1996,1996,3,2,8,4
Aangan_1973,1973,3,2,3,5
Insaaf Main Karoonga_1985,1985,2,1,7,2
Do Fantoosh_1994,1994,2,3,3,5
Rakhi Aur Hathkadi_1972,1972,1,1,2,7
Geet (1970 film)_1970,1970,2,3,4,6
Aashiq Hoon Baharon Ka_1977,1977,1,1,4,2
Chorni_1982,1982,1,2,2,3
Khel Khilari Ka_1977,1977,5,2,12,11
Bol Radha Bol_1992,1992,4,4,5,4
Yea Toh Two Much Ho Gayaa_2016,2016,3,3,3,3
John Day (film)_2013,2013,0,1,0,1
The Gentleman (film)_1994,1994,1,0,1,0
Parichay (film)_1972,1972,2,2,3,2
Mirzya (film)_2016,2016,5,1,15,1
Parvarish_1977,1977,0,0,0,0
Sanyasi (1975 film)_1975,1975,3,2,6,7
Durgaa (1990 film)_1992,1992,0,2,0,2
Badlapur (film)_2015,2015,4,3,5,3
Tevar_2015,2015,3,3,5,6
Bhindi Baazaar Inc._2010,2010,0,1,0,1
Sitapur Ki Geeta_1987,1987,1,2,1,4
Ghulam (1998 film)_1998,1998,3,1,6,5
Singham Returns_2014,2014,3,1,6,2
Kahani Hum Sab Ki_1973,1973,0,1,0,2
Ek Mahal Ho Sapno Ka_1975,1975,2,1,3,2
Doodh Ka Karz_1990,1990,0,1,0,4
Sapne Sajan Ke_1992,1992,2,1,5,7
Teree Sang_2009,2009,4,2,5,2
Bhai Ho To Aisa_1972,1972,2,2,3,4
Rocket Singh: Salesman of the Year_2009,2009,2,0,2,0
Kasme Vaade (1978 film)_1978,1978,4,3,8,8
Hum Dono (1995 film)_1995,1995,4,3,10,4
Love in Bombay_2013,2013,2,1,5,2
Tere Naal Love Ho Gaya_2012,2012,4,4,9,9
Meri Adalat (1984 film)_1984,1984,2,3,2,5
Do Chor (1972 film)_1972,1972,1,1,4,5
Tum Haseen Main Jawaan_1970,1970,3,2,4,3
Sharafat Gayi Tel Lene_2015,2015,1,3,1,3
Bajatey Raho_2013,2013,1,1,1,1
Diya Aur Toofan(1995 film)_1995,1995,3,2,5,7
Beti No.1_2000,2000,4,3,7,6
Duniya (1984 film)_1984,1984,2,2,6,3
Albeli_1974,1974,2,4,2,4
Jay Vejay_1977,1977,1,4,2,9
Ek Baar Chale Aao_1983,1983,2,2,3,6
Main Intequam Loonga_1982,1982,1,1,1,4
Chori Mera Kaam_1975,1975,1,2,4,3
Lava (1985 film)_1985,1985,3,2,5,6
Aao Wish Karein_2009,2009,3,1,14,3
Nyaydaata_1999,1999,2,3,3,8
Cocktail (2012 film)_2012,2012,11,7,19,8
Din Dahade_1990,1990,2,2,4,2
Jeevan Ki Shatranj_1993,1993,1,4,1,6
Gehri Chaal_1973,1973,1,1,2,4
Hum Hain Kamaal Ke_1993,1993,4,1,8,10
Wake Up Sid_2009,2009,1,0,1,0
Mr. India_1987,1987,1,2,4,3
Lagaaam_1976,1976,1,2,2,7
Aurat Teri Yehi Kahani_1988,1988,1,2,2,8
Main Solah Baras Ki_1998,1998,2,3,7,5
Love Shagun_2016,2016,3,2,3,2
Saveray Wali Gaadi_1986,1986,2,2,4,2
Ek: The Power of One_2009,2009,3,2,4,2
Bobby Jasoos_2014,2014,4,2,5,5
Sher Dil_1990,1990,1,3,1,4
Dushman Duniya Ka_1996,1996,3,2,5,3
Aasmaan_1984,1984,2,1,4,5
Ae Dil Hai Mushkil_2016,2016,6,3,10,3
Nirmaan_1974,1974,2,2,2,2
Raaz 3D_2012,2012,5,1,5,3
Aahuti (1978 film)_1978,1978,4,2,11,7
Badal (2000 film)_2000,2000,4,5,5,9
Kaun Jeeta Kaun Haara_1988,1988,3,1,3,2
Always Kabhi Kabhi_2011,2011,8,3,8,3
Sanjh Ki Bela_1980,1980,2,2,2,3
Daaku Aur Jawan_1978,1978,4,3,7,7
Insaan (1982 film)_1982,1982,4,2,7,5
Mumbai Can Dance Saala_2015,2015,1,4,1,8
Dhanwan (1993 film)_1993,1993,4,3,8,7
Waqt Hamara Hai_1993,1993,2,4,6,9
Pyaar Ka Saaya_1991,1991,1,2,5,5
Dushmani: A Violent Love Story_1995,1995,3,4,6,6
Bombay by Nite_1979,1979,4,2,4,3
Mohabbat Ki Kasam_1986,1986,2,1,2,3
Gharwali Baharwali_1988,1988,4,3,9,5
Pyaar Mein Kabhi Kabhi_1999,1999,3,2,4,3
Gaddaar_1995,1995,5,3,9,5
Kaamchor_1982,1982,2,2,6,4
Maachis (1996 film)_1996,1996,5,1,6,5
Muqaddar_1996,1996,5,3,12,7
Yudhpath_1992,1992,3,2,3,2
Khiladi (1992 film)_1992,1992,4,4,8,6
Singham (2011 film)_2011,2011,2,2,4,3
Agent Vinod (1977 film)_1977,1977,4,2,7,6
Kohram_1999,1999,5,5,10,9
Khauff_2000,2000,4,5,5,6
Brahma (1994 film)_1994,1994,4,3,6,5
Aadat Se Majboor_1982,1982,0,1,0,2
Atithi Tum Kab Jaoge?_2010,2010,5,0,8,0
Fareb (1996 film)_1996,1996,3,1,6,4
Anari_1975,1975,3,1,5,5
Mujhe Insaaf Chahiye_1983,1983,2,2,2,5
Hum Se Badkar Kaun_1981,1981,5,2,6,4
Qurbani Rang Layegi_1991,1991,0,1,0,3
Seeta Aur Geeta_1972,1972,2,2,7,7
Sooryavansham (1999 film)_1999,1999,3,4,8,5
Deewane_2000,2000,4,4,8,7
Sharmeelee_1971,1971,1,2,4,4
International Khiladi_1999,1999,4,3,6,5
Woh Phir Aayegi_1988,1988,0,3,0,8
Chhoti Bahu_1971,1971,2,4,2,5
Upaasna_1971,1971,4,2,4,4
Ugly (film)_2014,2014,2,1,2,1
Mere Sajana Saath Nibhana_1992,1992,2,2,7,3
Dosti Dushmani_1986,1986,4,2,4,4
Gurudev (film)_1993,1993,2,4,3,14
Jallaad_1995,1995,4,4,4,5
Drishti (film)_1990,1990,0,1,0,4
Dil Bole Hadippa!_2009,2009,3,2,3,4
Caravan (1971 film)_1971,1971,2,2,3,7
Chandni Chowk to China_2009,2009,2,0,4,0
Tu Chor Main Sipahi_1996,1996,1,3,6,6
Aflatoon (film)_1997,1997,4,3,4,4
Kyaa Super Kool Hai Hum_2012,2012,7,0,9,0
Ponga Pandit_1975,1975,2,3,5,3
Dacait_1987,1987,2,2,4,4
Saath Saath (1982 film)_1982,1982,2,1,4,4
Fitoor_2016,2016,3,2,5,3
Apne Paraye_1980,1980,2,2,3,2
Raftaar (1975 film)_1975,1975,2,1,2,5
Gippi_2013,2013,3,1,3,1
Ishqiya_2010,2010,2,1,5,2
Prem Pujari_1970,1970,4,1,8,4
Jawab (1995 film)_1995,1995,3,3,5,5
Bang Bang!_2014,2014,3,2,5,2
Janam Kundli_1995,1995,5,3,7,3
Hum Farishte Nahin_1988,1988,1,1,2,4
Great Grand Masti_2016,2016,3,3,3,3
I Me aur Main_2013,2013,3,3,4,3
Raaste Pyar Ke_1982,1982,2,5,4,10
No One Killed Jessica_2011,2011,3,3,3,3
Daawat-E-Ishq_2014,2014,3,3,4,5
Kahte Hain Mujhko Raja_1975,1975,2,1,4,4
Begum Jaan_2017,2017,3,4,4,5
Apradhi Kaun?_1982,1982,0,1,0,1
Rehguzar_1985,1985,0,2,0,2
Paheli_1977,1977,4,5,7,10
Ek Naya Rishta_1988,1988,0,3,0,8
Naya Raasta_1970,1970,1,1,4,4
Paanch Fauladi_1988,1988,1,1,5,5
Teri Meri Kahaani_2012,2012,3,2,3,4
Khoon Ka Rishta_1981,1981,2,3,3,5
Pyar Ki Kahani_1971,1971,2,2,6,4
Shaque_1976,1976,1,1,1,3
Aap Ke Saath_1986,1986,0,3,0,3
Fiza (2000 film)_2000,2000,5,4,7,5
Sansar (1987 film)_1987,1987,2,2,7,7
Honeymoon (1992 film)_1992,1992,4,4,10,6
Titoo MBA_2014,2014,2,1,3,1
Bhishma (1996 film)_1996,1996,2,2,13,2
Aap To Aise Na The_1980,1980,1,1,1,4
Mary Kom (film)_2014,2014,3,2,5,2
Pratigyabadh_1991,1991,2,4,4,5
Dharamyudh_1988,1988,0,3,0,4
Khoon Ki Pukaar_1978,1978,1,2,2,6
Ankahee (1985 film)_1985,1985,2,1,5,2
Babu (1985 film)_1985,1985,1,2,7,5
Luckhnowi Ishq_2015,2015,3,4,3,7
Super Model (film)_2013,2013,1,0,3,0
Santan (film)_1976,1976,0,0,0,0
Vachan_1974,1974,1,1,3,8
Chhoti Si Baat_1975,1975,2,2,2,2
D-Day (2013 movie)_2013,2013,10,4,11,4
Saajan Ki Baahon Mein_1995,1995,1,2,6,3
Darr @ the Mall_2014,2014,0,3,0,5
Hahakaar_1996,1996,2,3,5,6
Karm Yodha_1992,1992,1,4,1,5
Jaani Dost_1983,1983,1,1,5,5
Ek Hasina Do Diwane_1972,1972,5,2,5,3
Chachi 420 (1997 film)_1997,1997,3,3,4,4
Aur Pyaar Ho Gaya_1997,1997,3,3,9,5
Aag Aur Daag_1970,1970,1,1,1,3
Nazrana (1987 film)_1987,1987,1,3,1,4
Aakhri Cheekh_1991,1991,0,1,0,1
Toh Baat Pakki!_2010,2010,5,1,11,2
Golmaal 3_2010,2010,4,3,6,8
Takkar (1980 film)_1980,1980,3,2,5,5
Udta Punjab_2016,2016,5,3,8,3
Taxi Chor_1980,1980,3,3,5,3
Yeh To Kamaal Ho Gaya_1982,1982,1,1,6,2
Mera Gaon Mera Desh_1971,1971,1,1,1,5
Pardes (film)_1997,1997,7,4,9,6
Param Dharam_1987,1987,2,3,4,9
Jallian Wala Bagh_1977,1977,0,0,0,0
Halaal Ki Kamai_1988,1988,1,2,2,4
Chaitali (film)_1975,1975,1,1,2,4
Awaaz De Kahan Hai_1990,1990,0,1,0,5
Aaj Ka Mahaatma_1976,1976,1,2,2,3
Swati (1986 film)_1986,1986,1,5,1,6
Aakhri Goli_1977,1977,2,2,2,3
Raajneeti_2010,2010,7,2,13,4
Aaghaaz_2000,2000,3,2,5,5
Do Chattane_1974,1974,2,1,9,4
Tumhare Liye_1978,1978,0,3,0,5
Humshakal_1992,1992,1,3,1,8
1942: A Love Story_1994,1994,2,2,5,3
Pandit Aur Pathan_1977,1977,3,1,17,7
Bazaar E Husn_2014,2014,1,3,4,6
Shaapit_2010,2010,4,3,8,4
Khoon Pasina_1977,1977,1,2,2,2
Krishan Avtaar_1993,1993,0,1,0,3
Ghulam Begam Badshah_1973,1973,2,2,4,5
Aakrosh (1980 film)_1980,1980,1,0,1,0
Nishchaiy_1992,1992,0,2,0,9
Main Azaad Hoon_1989,1989,1,0,6,0
Anari (1993 film)_1993,1993,2,2,7,4
Jaaydaad_1989,1989,0,3,0,4
Jangal Mein Mangal_1972,1972,2,2,4,5
Pukar (2000 film)_2000,2000,1,2,1,3
Ram Shastra_1995,1995,2,2,2,5
Sanam (1997 film)_1997,1997,3,4,5,7
Waqt Ki Deewar_1981,1981,3,1,6,4
Apne Apne_1987,1987,2,3,2,7
Kala Sona_1975,1975,2,1,2,4
Rowdy Rathore_2012,2012,4,2,5,5
Karmayogi (1978 film)_1978,1978,3,2,4,4
Bedardi_1993,1993,1,2,1,5
Shankar Hussain_1977,1977,1,1,2,4
Pyar Kiya Hai Pyar Karenge_1986,1986,0,2,0,4
Badrinath Ki Dulhania_2017,2017,7,6,9,6
Madhosh (1994 film)_1994,1994,2,2,7,5
Ek Bechara_1972,1972,2,2,3,3
Aarzoo_1999,1999,4,1,9,4
Gopi (1970 film)_1970,1970,2,1,4,2
I Don't Luv U_2013,2013,6,1,7,2
Maatr_2017,2017,1,0,2,0
Yeh Ishq Nahin Aasaan_1984,1984,2,3,3,10
Jurmana_1979,1979,2,2,2,4
The Don (1995 film)_1995,1995,3,2,4,3
Hasee Toh Phasee_2014,2014,3,3,6,4
Zamane Se Kya Darna_1994,1994,2,4,6,5
Dhartiputra_1993,1993,1,1,4,6
Khudai_1994,1994,2,0,7,0
Yavarum Nalam_2009,2009,3,3,7,4
Dhaai Akshar Prem Ke_2000,2000,4,1,9,8
Hukumat_1987,1987,0,2,0,7
Prem Shakti_1994,1994,1,2,10,8
Dariya Dil_1988,1988,1,2,1,3
Aaj Ke Angaare_1988,1988,0,1,0,3
Dear Zindagi_2016,2016,3,3,6,4
Stanley Ka Dabba_2011,2011,4,1,4,1
Kuch Kuch Hota Hai_1998,1998,3,2,7,10
Khaan Dost_1976,1976,3,0,5,0
Raampur Ka Lakshman_1972,1972,2,2,5,5
Baaghi (2000 film)_2000,2000,2,4,4,5
Itihaas (1987 film)_1987,1987,2,2,2,4
Cigarette Ki Tarah_2012,2012,2,3,3,3
Yaadon Ki Kasam_1985,1985,1,2,3,2
Bewakoofiyaan_2014,2014,4,3,5,3
Apradhi Kaun_2000,2000,0,1,0,1
Azaad Desh Ke Gulam_1990,1990,1,3,2,4
Housefull (2010 film)_2010,2010,4,3,6,9
Sagar Sangam_1988,1988,1,4,2,14
Jai Shiv Shankar_1990,1990,0,3,0,6
First Love Letter_1991,1991,1,3,5,5
Zara Si Zindagi_1983,1983,3,2,5,3
Apradhi (1974 film)_1974,1974,3,1,4,5
Love Games (film)_2016,2016,2,1,2,1
Daag: The Fire_1999,1999,3,3,5,8
Kangan (1971 film)_1971,1971,3,2,5,3
Doosra Aadmi_1977,1977,3,2,7,6
Mother (1999 film)_1999,1999,4,4,5,8
Murder 2_2011,2011,4,1,7,2
Talaash (2012 film)_2012,2012,4,2,6,2
Phandebaaz_1978,1978,2,2,6,4
Ustaad (film)_1989,1989,2,6,3,6
Hamrahi_1974,1974,3,1,5,4
Jaane Jigar_1998,1998,0,0,0,0
Sitam_1982,1982,0,1,0,2
Mazdoor_1983,1983,0,1,0,6
Main Krishna Hoon_2013,2013,2,2,2,2
Pratikar_1991,1991,2,5,2,6
Aankhon Aankhon Mein_1972,1972,1,3,4,6
Jamai Raja_1990,1990,1,4,2,8
Kajraare_2010,2010,0,2,0,6
Shaadi Ke Side Effects_2014,2014,8,3,14,3
Apradh_1972,1972,2,2,4,4
Kya Kehna_2000,2000,4,2,8,7
Majboor (1974 film)_1974,1974,2,2,4,2
36 Ghante_1974,1974,3,1,4,2
Aaj Ki Taaqat_1992,1992,2,3,2,3
Grand Masti_2013,2013,0,1,0,1
Desi Boyz_2011,2011,4,1,7,2
Shubh Kaamna_1983,1983,2,2,4,4
Haseena Maan Jaayegi_1999,1999,5,3,10,5
Dildaar_1977,1977,1,1,5,4
Hum Hain Khalnayak_1996,1996,5,3,6,5
3 A.M. (2014 film)_2014,2014,1,0,2,0
Jaanam Samjha Karo_1999,1999,3,2,5,4
Daraar_1987,1987,4,3,8,8
Laila (1984 film)_1984,1984,2,1,4,4
Hero Hiralal_1988,1988,1,2,2,4
Insaaf Ka Tarazu_1980,1980,1,2,3,4
Student Of The Year_2012,2012,4,4,6,4
Rascals (2011 film)_2011,2011,3,2,6,4
Kanoon Apna Apna_1988,1988,1,3,1,5
Gori Tere Pyaar Mein_2013,2013,4,6,7,14
Kaabil_2017,2017,3,1,6,1
Matru Ki Bijlee Ka Mandola_2013,2013,8,1,11,2
Prem Kaa Game_2010,2010,4,2,6,4
Do Ustad_1982,1982,0,3,0,9
Dillagi (1999 film)_1999,1999,11,6,16,9
Mr Bond_1992,1992,1,2,1,9
All The Best: Fun Begins_2009,2009,6,1,8,2
Anand (1971 film)_1971,1971,4,1,4,2
Vijaypath_1994,1994,2,3,5,5
Veeru Dada_1990,1990,1,3,2,3
Hum Aapke Dil Mein Rehte Hain_1999,1999,6,3,9,5
Daulat (1982 film)_1982,1982,0,0,0,0
Karle Pyaar Karle_2014,2014,5,2,6,3
Manzilein Aur Bhi Hain_1974,1974,0,1,0,2
Divya Shakti_1993,1993,1,3,5,7
Bezubaan_1982,1982,2,2,4,3
Aao Pyaar Karen_1983,1983,2,2,6,2
Khooni Raat_1991,1991,0,2,0,3
Trinetra (1991 film)_1991,1991,3,3,4,3
Bindiya Chamkegi_1984,1984,1,2,2,8
Raat (film)_1992,1992,2,1,2,1
Mela (2000 film)_2000,2000,10,5,17,9
Prem Rog (1982 film)_1982,1982,1,2,4,5
Jaan Pechaan_1991,1991,0,2,0,7
Dee Saturday Night_2014,2014,5,3,5,3
Samadhi (1972 film)_1972,1972,1,2,2,4
Ek Paheli_1971,1971,1,2,4,10
Gunaah (1993 film)_1993,1993,0,3,0,4
Mubarakan_2017,2017,1,1,1,1
Bin Bulaye Baraati_2011,2011,0,1,0,1
Gopi Kishan_1994,1994,2,2,5,5
Kora Kagaz_1974,1974,1,1,1,2
All Rounder (1984 film)_1984,1984,3,5,4,6
Inquilaab (1984 film)_1984,1984,1,1,2,3
Khoon Khoon_1973,1973,4,2,6,3
Dand Nayak_1998,1998,0,0,0,0
Jattu Engineer_2017,2017,1,0,2,0
Baadshah (1999 film)_1999,1999,3,1,6,2
Cheetah (1994 film)_1994,1994,2,3,3,5
Sangeet (1992 film)_1992,1992,3,1,7,10
Libaas_1988,1988,0,1,0,1
Balidaan_1971,1971,1,3,6,7
Dolly Ki Doli_2015,2015,1,2,1,2
Dhund (1973 film)_1973,1973,2,2,2,4
Rani Mera Naam_1972,1972,1,1,1,8
Bandagi_1972,1972,1,1,3,2
Dharam Kanta_1982,1982,2,1,4,4
Milap_1972,1972,3,1,4,4
Lakshmi (1982 film)_1982,1982,1,2,2,6
Zimmedaaar_1990,1990,0,2,0,3
Tarkeeb_1984,1984,4,4,10,6
Aaj Ka Goonda Raaj_1992,1992,3,3,5,6
Police Public_1990,1990,0,3,0,5
Besahara_1987,1987,1,1,1,2
Sapoot_1996,1996,3,4,4,6
Ghar Ghar Ki Kahani_1970,1970,3,3,4,4
Gang (2000 film)_2000,2000,5,4,9,5
Chhaila Babu_1977,1977,1,1,1,1
Revolver Rani_2014,2014,7,5,11,6
Aamne Samne (1982 film)_1982,1982,2,2,3,3
Naajayaz_1995,1995,3,1,6,5
Kal Aaj Aur Kal_1971,1971,3,2,6,4
Yaar Gaddar_1994,1994,2,1,5,3
Himmatwala (1998 film)_1998,1998,0,0,0,0
O Teri_2014,2014,4,1,7,1
Kachcha Chor_1977,1977,0,0,0,0
Jaanwar (1983 film)_1983,1983,1,2,4,2
Maa Kasam (1999 film)_1999,1999,1,2,1,5
Lafangey Parindey_2010,2010,2,2,2,2
Chattan Singh_1974,1974,3,3,4,7
Mohabbat Ke Dushman_1988,1988,2,1,3,4
Dil Pe Mat Le Yaar_2000,2000,6,2,6,3
Agreement (film)_1980,1980,0,1,0,4
Kick (2014 Film)_2014,2014,6,4,14,10
Jai Jwala_1972,1972,2,2,3,3
Sooper Se Ooper_2013,2013,3,2,3,2
Dil Kaa Heera_1979,1979,1,2,2,10
Maha Badmaash_1977,1977,0,0,0,0
Amiri Garibi_1990,1990,0,3,0,5
Ramu Ustad_1971,1971,1,2,2,7
Bawandar_2000,2000,0,2,0,4
Mere Sajna_1975,1975,1,2,2,8
Aiyyaa_2012,2012,2,5,2,5
Pyaasa Sawan_1981,1981,2,2,4,4
Barsaat (1995 film)_1995,1995,2,3,7,5
Aarakshan_2011,2011,6,2,10,4
Aap Beati_1976,1976,3,4,6,5
Veergati_1995,1995,3,2,5,3
Shehzaade_1989,1989,2,4,2,6
Coolie No. 1 (1995 film)_1995,1995,3,3,7,5
Adalat (1976 film)_1976,1976,5,1,5,1
Kala Suraj_1985,1985,1,1,1,2
Dulhan Banoo Main Teri_1999,1999,3,4,4,8
Aaj Ka M.L.A. Ram Avtar_1984,1984,3,1,9,5
Shanakht_1989,1989,1,0,1,0
Lashkar (film)_1989,1989,0,1,0,1
Aadamkhor_1986,1986,1,0,2,0
Do Boond Pani_1971,1971,2,2,2,2
NH10_2015,2015,3,4,5,5
Anth_1993,1993,4,4,5,6
Ishq Par Zor Nahin_1970,1970,2,2,3,6
Insaaf (1973 film)_1973,1973,2,2,4,8
Joru Ka Ghulam (2000 film)_2000,2000,5,3,7,4
Delhi-6_2009,2009,12,5,13,7
Jigarwala_1991,1991,0,2,0,6
Farishta Ya Qatil_1977,1977,4,5,6,5
Ayaash_1982,1982,3,1,3,2
Ki & Ka_2016,2016,4,3,4,3
Jaagruti_1992,1992,6,5,10,10
Apna Bana Lo_1982,1982,1,2,2,5
Dard Ka Rishta_1982,1982,0,1,0,2
Zindagi Tere Naam_2012,2012,3,2,4,6
Half Girlfriend (film)_2017,2017,5,3,7,4
Sabse Bada Khiladi_1995,1995,3,1,7,2
Tahqiqaat_1993,1993,1,4,1,5
Aladin (2009 film)_2009,2009,7,3,12,5
Hindi Medium (film)_2017,2017,4,1,4,1
Daulat Ki Jung_1992,1992,1,2,3,5
Himmatwala (1983 film)_1983,1983,2,2,5,4
Kurbaan (2009 film)_2009,2009,4,2,4,2
Department (film)_2012,2012,3,1,4,1
No Problem (2010 film)_2010,2010,3,3,5,7
Sirf Tum (1999 film)_1999,1999,4,3,5,5
Deedar-E-Yaar_1982,1982,2,2,5,4
Yeh Jawaani Hai Deewani_2013,2013,6,4,9,5
Jaan Tere Naam_1992,1992,2,3,9,4
Bheegi Palkein_1982,1982,2,3,4,5
Kaala Patthar (1979 film)_1979,1979,3,3,6,6
Anokhi Pehchan_1972,1972,1,4,1,5
Shri Krishna Leela_1971,1971,1,2,1,7
Mera Desh Mera Dharam_1973,1973,2,2,4,7
Zameen Aasmaan (1984 film)_1984,1984,2,2,3,4
Kab? Kyoon? Aur Kahan?_1970,1970,1,3,2,4
Balak Dhruv_1974,1974,1,2,2,7
Haath Ki Safai_1974,1974,3,2,4,4
Agneekaal_1990,1990,4,2,4,2
Kabzaa_1988,1988,1,3,1,3
Pehchaan (1993 film)_1993,1993,3,3,4,4
Phaansi_1978,1978,1,1,2,1
Darling Darling (1977 film)_1977,1977,2,1,12,4
Mohra_1994,1994,3,3,7,7
Dilwale Dulhania Le Jayenge_1995,1995,3,4,5,7
Maine Pyar Kiya_1989,1989,2,3,10,11
Faasle_1985,1985,1,4,4,10
Zid (2014 film)_2014,2014,1,1,2,3
Bol Bachchan_2012,2012,5,2,10,6
Bullet (1976 film)_1976,1976,1,2,3,6
Anurodh_1977,1977,2,0,6,0
Loha (1987 film)_1987,1987,2,3,2,11
Magroor_1979,1979,4,3,4,4
Bawarchi_1972,1972,3,3,4,5
Mere Humsafar_1970,1970,2,2,2,4
Daulat Ke Dushman_1983,1983,2,2,8,4
Andhera_1980,1980,0,1,0,8
100 Days (1991 film)_1991,1991,1,3,3,8
Sparsh (film)_1980,1980,1,0,1,0
Badnam Basti_1971,1971,1,0,2,0
Tan-Badan_1986,1986,2,2,5,5
Rootha Na Karo_1970,1970,2,1,5,3
Dil Daulat Duniya_1972,1972,2,3,5,5
Shool_1999,1999,2,2,4,3
Chor Ho To Aisa_1978,1978,4,1,4,2
Ajab Prem Ki Ghazab Kahani_2009,2009,5,2,9,5
Anubhav_1971,1971,1,1,1,3
Adventures of Tarzan_1985,1985,0,2,0,4
Raju Ban Gaya Gentleman_1992,1992,3,2,9,7
Door Ka Raahi_1971,1971,3,1,7,1
Ab Kya Hoga_1977,1977,0,2,0,8
Lakhon Mein Ek_1971,1971,3,2,6,10
Khwab_1980,1980,2,1,3,2
Apna Khoon_1978,1978,1,1,4,12
Kartavya (1995 film)_1995,1995,3,2,9,9
Aakhri Nishchay_1988,1988,1,1,2,3
Aadmi (1993 film)_1993,1993,3,2,5,5
Aurangzeb (film)_2013,2013,0,0,0,0
Hamari Bahu Alka_1982,1982,2,5,3,10
Nirdosh_1973,1973,2,1,3,6
Rishta Kagaz Ka_1983,1983,1,2,2,4
Hum Tum Pe Marte Hain_1999,1999,2,3,10,4
Hanste Khelte (1984 film)_1984,1984,2,2,5,2
Elaan (1994 film)_1994,1994,1,3,5,5
Lal dupatta malmal ka (film)_1989,1989,3,1,6,8
Deewaar (1975 film)_1975,1975,2,2,2,2
Yugpurush_1998,1998,2,2,5,2
Hum Tere Ashiq Hain_1979,1979,2,1,4,5
Daava_1997,1997,2,3,6,4
Ek Ladki Badnaam Si_1987,1987,1,1,1,4
Alaap_1977,1977,3,1,8,2
Aadmi Khilona Hai_1993,1993,3,2,3,6
Gupt: The Hidden Truth_1997,1997,2,3,5,8
Paapi_1977,1977,2,1,3,4
Lootera_2013,2013,3,2,7,2
Abdullah (1980 film)_1980,1980,4,2,4,3
Hera Pheri (1976 film)_1976,1976,2,2,5,5
Mujhse Fraaandship Karoge_2011,2011,4,2,7,4
Virasat (1997 film)_1997,1997,4,4,5,6
Baar Baar Dekho_2016,2016,6,3,7,4
Phas Gaye Re Obama_2010,2010,1,2,2,2
Khud-daar (1982 film)_1982,1982,1,2,6,5
Angaara_1996,1996,3,3,8,6
Trimurti (film)_1995,1995,2,2,4,4
Dum Laga Ke Haisha_2015,2015,4,3,6,3
Prince - It's Showtime_2010,2010,2,2,12,6
Khuda Gawah_1992,1992,2,3,2,8
Aaj Ka Daur_1985,1985,2,2,4,4
Bade Ghar Ki Beti_1989,1989,2,3,3,6
Zordaar_1996,1996,1,2,5,3
Dharam Veer (film)_1977,1977,4,2,7,3
Mard (1985 film)_1985,1985,2,2,2,3
Kali Raat_1977,1977,1,3,1,6
Badle Ki Aag_1982,1982,3,6,6,8
Band Baaja Baaraat_2010,2010,5,4,6,6
Jurm Aur Sazaa_1974,1974,2,3,5,8
Vaade Iraade_1994,1994,3,3,4,3
Bikhare Moti_1971,1971,2,2,3,2
Karm_1977,1977,4,2,7,4
Man Pasand_1980,1980,2,1,3,1
Bhagyawan_1993,1993,3,4,3,5
Aadmi Aur Apsara_1991,1991,1,4,3,6
Andaz Apna Apna_1994,1994,2,3,4,3
Maha Shaktimaan_1985,1985,1,2,1,3
Wajah Tum Ho_2016,2016,4,1,7,2
Professor Pyarelal_1981,1981,2,1,3,4
Haisiyat_1984,1984,3,5,6,6
Aulad Ki Khatir_1990,1990,1,1,1,1
Policewala Gunda_1995,1995,2,3,4,4
Koyla_1997,1997,3,3,5,5
Ravan Raaj: A True Story_1995,1995,4,4,5,4
Bhavna_1984,1984,2,5,3,10
Jal Bin Machhli Nritya Bin Bijli_1971,1971,1,1,2,5
Ghar Ki Izzat_1994,1994,2,2,3,9
Do Premee_1980,1980,3,3,6,4
Nai Duniya Naye Log_1973,1973,2,2,4,4
Anand Aur Anand_1984,1984,2,2,7,2
Chal Mere Bhai_2000,2000,8,4,12,8
Chehre Pe Chehra_1981,1981,2,1,3,4
Natak_1975,1975,1,2,2,8
Ek Tera Saath_2016,2016,5,2,6,5
Namkeen (1982 film)_1982,1982,1,3,2,8
Ameer Aadmi Gharib Aadmi_1985,1985,2,4,3,9
Oh My God (2012 film)_2012,2012,9,1,11,2
London Dreams_2009,2009,6,0,9,0
Bhrashtachar_1989,1989,2,3,2,4
Khoobsurat (2014 film)_2014,2014,2,6,2,7
Woh Saat Din_1983,1983,2,4,3,9
Bepanaah_1985,1985,4,1,5,3
Pyar Ki Jeet (1987 film)_1987,1987,1,1,1,10
Gangs of Wasseypur  Part 2_2012,2012,3,3,3,5
Reshma Aur Shera_1971,1971,1,2,4,8
G Kutta Se_2017,2017,0,0,0,0
Dahleez_1986,1986,1,1,5,3
Tere Pyar Mein_1978,1978,1,2,2,8
Taaqat (1995 film)_1995,1995,2,3,7,6
Ungli_2014,2014,2,2,3,2
Shiva Ka Insaaf_1985,1985,1,1,2,6
Rang (1993 film)_1993,1993,2,1,6,7
Baghavat_1982,1982,2,2,3,5
Joshilaay_1989,1989,3,2,3,5
Bhai-Bhai_1970,1970,1,2,3,3
Chennai Express_2013,2013,7,8,8,8
Shalimar (1978 film)_1978,1978,2,3,3,3
Josh (2000 film)_2000,2000,6,1,8,2
Manoranjan (1974 film)_1974,1974,2,3,3,5
Aadharshila_1982,1982,3,2,3,4
Chetna_1970,1970,0,1,0,3
Game (2011 film)_2011,2011,5,4,5,6
Ghaath_2000,2000,10,5,11,8
Inspector Dhanush_1991,1991,2,2,5,10
Paying Guests_2009,2009,2,2,2,3
Bewafai_1985,1985,1,2,4,16
Dushmun (1971 film)_1971,1971,1,1,2,3
Patita (1980 film)_1980,1980,1,1,2,3
Dekha Pyar Tumhara_1985,1985,3,2,5,4
Ishq Forever_2016,2016,6,3,9,7
Bundal Baaz_1976,1976,3,2,5,3
Do Dishayen_1982,1982,0,2,0,2
Coffee Bloom_2015,2015,2,1,2,1
MSG: The Warrior Lion Heart_2016,2016,1,0,2,0
Sukhmani  Hope for Life_2010,2010,3,2,11,4
Hasina Aur Nagina_1996,1996,1,2,1,6
Aag Ke Sholay_1988,1988,0,3,0,11
Dil Ka Sathi Dil_1982,1982,2,1,5,2
Mama Bhanja_1977,1977,2,3,2,5
Raaz  The Mystery Continues_2009,2009,5,1,11,1
Daddy Cool (2009 Hindi film)_2009,2009,0,1,0,2
Mela (1971 film)_1971,1971,2,2,5,5
Lorie (film)_1984,1984,0,4,0,9
Sardari Begum_1996,1996,0,2,0,8
Maa (1976 film)_1976,1976,2,2,5,5
Zakhmi Dil (1994 film)_1994,1994,2,3,4,6
M.S. Dhoni: The Untold Story_2016,2016,4,2,5,2
Anubhav (1986 film)_1986,1986,2,2,2,2
Geetanjali (1993 film)_1993,1993,2,3,4,6
Hiraasat_1987,1987,1,2,3,4
Paanch Ghantey Mien Paanch Crore_2012,2012,1,1,1,1
Dharam Sankat_1991,1991,1,3,1,5
Khatta Meetha (1978 film)_1978,1978,2,3,6,5
Aankh Micholi_1972,1972,1,2,2,3
I Hate Luv Storys_2010,2010,5,4,7,5
Jeena Marna Tere Sang_1992,1992,2,1,2,9
Jai Vikraanta_1995,1995,2,4,2,6
Man Ki Aankhen_1970,1970,2,3,4,8
Maximum (film)_2012,2012,3,2,3,2
Heropanti_2014,2014,1,0,3,0
Haathi Mere Saathi_1971,1971,2,1,6,3
Zamana (1985 film)_1985,1985,2,1,8,1
Hoshiyar_1985,1985,3,1,5,5
Badmaash Company_2010,2010,6,1,7,1
Adharm (1992 film)_1992,1992,2,3,2,5
Shaan (film)_1980,1980,3,4,6,8
Qatil_1988,1988,0,3,0,4
Yaariyan (2014 film)_2014,2014,10,2,25,4
Humjoli_1970,1970,3,3,7,5
Khushboo (1975 film)_1975,1975,1,2,1,3
Aar Paar (1985 film)_1985,1985,4,2,8,5
Jaan Ki Kasam_1991,1991,2,1,4,4
Aagman_1982,1982,1,1,1,5
Patthar Ke Phool_1991,1991,1,2,6,7
Truck Driver (1970 film)_1970,1970,1,4,3,8
Doosri Sita_1974,1974,1,2,1,3
Shahenshah (film)_1988,1988,1,2,2,3
Thanedaar_1990,1990,2,5,2,9
Haathkadi_1982,1982,4,3,9,8
Bhola Bhala_1978,1978,1,2,3,3
Mirza Juuliet_2017,2017,1,1,2,2
Janata Havaldar_1979,1979,0,3,0,3
Agnichakra_1997,1997,3,5,5,7
Hello Brother (1999 film)_1999,1999,5,2,10,9
Teri Kasam_1982,1982,0,2,0,7
Angaar_1980,1980,2,2,3,3
Kali Basti_1985,1985,3,2,4,2
Tum Mere Ho_1990,1990,1,3,4,3
Phir Bhi_1971,1971,3,0,6,0
Gopichand Jasoos_1982,1982,0,3,0,7
Luv U Alia_2016,2016,3,2,3,2
Gangaa Jamunaa Saraswathi_1988,1988,3,2,4,5
City Lights (2014 film)_2014,2014,4,1,6,1
Tezz_2012,2012,3,2,6,5
English Vinglish_2012,2012,2,4,4,5
Awaaz_1984,1984,2,1,12,8
Jis Desh Mein Ganga Rehta Hain_2000,2000,4,4,6,4
Border (1997 film)_1997,1997,4,2,5,2
Khal-Naaikaa_1993,1993,0,3,0,7
Maalamaal_1988,1988,3,1,11,2
Nadiya Ke Paar (1982 film)_1982,1982,1,2,1,5
Housefull 3_2016,2016,6,4,7,4
7 Khoon Maaf_2011,2011,5,2,5,5
Chal Chalein_2009,2009,4,4,11,5
Bhago Bhut Aaya_1985,1985,0,3,0,5
Anokha_1975,1975,4,1,8,2
Hifazat (1987 film)_1987,1987,3,2,3,4
Sadak_1991,1991,2,1,7,10
Soldier (1998 Indian film)_1998,1998,2,2,6,5
Mera Faisla_1984,1984,2,1,2,3
Saathi (1991 film)_1991,1991,3,1,6,4
Pyaar Koi Khel Nahin_1999,1999,3,3,5,5
Aag Ka Gola_1990,1990,1,3,1,3
Chatpati_1983,1983,2,2,3,7
Parampara (1992 film)_1992,1992,4,3,4,7
Aao Pyaar Karen (1994 film)_1994,1994,2,2,6,2
Behen Hogi Teri_2017,2017,4,3,4,6
Do Waqt Ki Roti_1988,1988,0,3,0,7
Jannat 2_2012,2012,7,0,14,0
Justice Chaudhury_1983,1983,1,2,6,5
Nishana (1980 film)_1980,1980,2,3,5,6
Holi (1984 film)_1984,1984,1,0,4,0
Dabangg_2010,2010,6,2,11,4
Shiva (1990 film)_1990,1990,3,2,4,4
Damadamm!_2011,2011,2,4,2,5
Saazish (1998 film)_1998,1998,3,2,4,2
Hasti_1993,1993,4,3,6,5
Bobby (1973 film)_1973,1973,3,1,6,4
Udhaar Ki Zindagi_1994,1994,3,4,6,6
Purana Mandir_1984,1984,1,2,1,4
Dus Numbri_1976,1976,3,2,6,4
Zaalim_1994,1994,3,1,4,2
Paramaatma (1994 film)_1994,1994,4,1,12,3
Bada Kabutar_1973,1973,1,1,2,8
Apnapan_1977,1977,2,3,3,5
Kayda Kanoon_1993,1993,3,4,7,7
Ek Main Aur Ekk Tu_2012,2012,7,3,8,7
Sanjog (1985 film)_1985,1985,2,4,2,6
Kahani Ek Chor Ki_1981,1981,3,2,4,4
Andolan (1995 film)_1995,1995,3,2,8,7
Naach Uthe Sansaar_1976,1976,1,1,6,2
Chor Ke Ghar Chor_1978,1978,2,2,4,2
Kab Tak Chup Rahungi_1988,1988,0,3,0,9
Angoor (1982 film)_1982,1982,1,1,1,2
Mere Dad Ki Maruti_2013,2013,6,1,6,1
Hera Pheri (2000 film)_2000,2000,5,3,9,5
Kasam Paida Karne Wale Ki_1984,1984,0,2,0,11
Parde Ke Peechey_1971,1971,1,4,4,11
Lal Baadshah_1999,1999,3,4,6,7
Ishaqzaade_2012,2012,3,3,3,6
Maa Aur Mamta_1970,1970,2,2,4,4
Satyamev Jayate (1987 film)_1987,1987,2,2,2,3
Begunaah_1991,1991,2,3,4,5
Zakhmi Sipahi_1992,1992,2,1,3,2
Adha Din Adhi Raat_1977,1977,2,2,3,4
Guddu_1995,1995,2,2,11,3
Yeh Faasley_2011,2011,1,1,2,2
Yamraaj (film)_1998,1998,4,3,4,3
Bandhan (1998 film)_1998,1998,3,3,6,5
Ahsaas_1979,1979,2,2,9,4
Tarana (1979 film)_1979,1979,2,3,2,7
Dedh Ishqiya_2014,2014,6,2,7,3
Heera-Moti_1979,1979,2,1,5,1
Blood Money (2012 film)_2012,2012,2,0,5,0
Happy New Year (2014 film)_2014,2014,10,5,18,8
Johny Mera Naam_1970,1970,1,3,3,5
Krantiveer_1994,1994,3,6,6,7
Parasmani_1992,1992,1,2,1,6
Mera Rakshak_1978,1978,0,1,0,2
Kai Po Che!_2013,2013,1,2,2,3
Des Pardes (1978 film)_1978,1978,1,3,5,4
Khwaabb_2014,2014,3,1,3,1
Souten_1983,1983,1,3,4,5
Jaanoo_1985,1985,0,2,0,6
Issaq (2013 film)_2013,2013,8,3,11,3
Hisss_2010,2010,4,3,6,4
Pyasa Shaitan_1984,1984,1,2,2,2
Waiting (2016 film)_2016,2016,3,2,4,3
Raja Babu (film)_1994,1994,4,2,4,5
Sweetiee Weds NRI_2017,2017,4,2,6,5
Aag (1994 film)_1994,1994,4,1,6,3
Kismat (1995 film)_1995,1995,3,3,5,5
I Love You (1992 film)_1992,1992,4,2,9,5
Moojrim_1970,1970,0,0,0,0
Return of Jewel Thief_1996,1996,5,3,6,6
Meraa Ghar Mere Bachche_1985,1985,1,4,1,4
Ek Baap Chhe Bete_1978,1978,2,0,5,0
Gair (film)_1999,1999,3,4,6,5
Dav Pech_1989,1989,2,3,6,4
Kala Dhanda Goray Log_1986,1986,0,2,0,2
Sachin: A Billion Dreams_2017,2017,3,0,3,0
Kasak (1992 film)_1992,1992,1,4,1,14
Ganga Tera Pani Amrit_1971,1971,1,1,1,3
Pyaar Mohabbat_1988,1988,1,3,1,5
Naseeb (1981 film)_1981,1981,5,4,8,6
Kasauti_1974,1974,2,2,3,5
Bodyguard (2011 Hindi film)_2011,2011,4,2,8,6
Rakhwala_1989,1989,1,2,4,5
Dulha Mil Gaya_2010,2010,4,4,6,10
Sanjog (1971 film)_1971,1971,2,2,6,3
Nasihat_1986,1986,3,4,15,13
Dilliwali Zaalim Girlfriend_2015,2015,5,2,6,3
Yes Boss (film)_1997,1997,3,1,6,3
Do Phool_1973,1973,1,3,2,6
Dil Diwana_1974,1974,2,1,7,5
Shri Ram Vanvas_1977,1977,3,1,6,12
Superman (1987 film)_1987,1987,0,1,0,2
Chauraha_1994,1994,1,4,1,5
Dafaa 302_1975,1975,2,3,4,7
Tohfa Mohabbat Ka_1988,1988,0,4,0,11
Zahreelay_1990,1990,0,3,0,5
Ghar Parivar_1991,1991,3,3,4,5
Rupaye Dus Karod_1991,1991,2,5,3,10
Pehla Nasha_1993,1993,0,2,0,4
Judaai (1980 film)_1980,1980,2,4,5,6
Ajnabi Saaya_1998,1998,1,3,4,8
Vardi (film)_1989,1989,2,3,3,3
Badalte Rishtey_1978,1978,3,3,6,4
Dhobi Ghat (film)_2011,2011,2,0,3,0
Bombay to Goa_1972,1972,0,1,0,2
Himalay Se Ooncha_1975,1975,1,1,2,4
Ashray_1983,1983,3,2,4,3
Agni Sakshi (1996 film)_1996,1996,4,2,4,5
Deewana Hoon Pagal Nahi_1998,1998,5,3,8,6
China Gate (1998 film)_1998,1998,0,0,0,0
Chaahat (1971 film)_1971,1971,2,2,2,4
Do Hanso Ka Joda_1992,1992,2,1,4,1
Drohi (1992 film)_1992,1992,2,0,8,0
2 States (film)_2014,2014,7,3,8,3
Main Tere Liye_1988,1988,2,2,3,4
Wazir (film)_2016,2016,5,1,7,1
Dil Se Mile Dil_1978,1978,2,2,2,2
Jolly LLB_2013,2013,4,1,5,2
Kaala Samrajya_1999,1999,3,2,5,4
Sherni_1988,1988,0,3,0,4
Karm Yudh (1985 film)_1985,1985,1,3,1,5
Sanyasi Mera Naam_1999,1999,2,1,5,3
Aansoo Aur Muskan_1970,1970,3,2,3,3
Thodi Thodi Si Manmaaniyan_2017,2017,2,0,2,0
Trishul (1978 film)_1978,1978,4,2,8,7
Ab To Aaja Saajan Mere_1994,1994,0,0,0,0
Chunaoti_1980,1980,1,3,1,4
Mazdoor Zindabaad_1976,1976,3,2,7,5
Bekaraar_1983,1983,3,2,4,5
Kohraam_1991,1991,2,5,3,9
Mad About Dance_2014,2014,3,0,5,0
Life Mein Twist Hai_2014,2014,2,1,3,1
Do Anjaane_1976,1976,1,1,2,2
Batwara_1989,1989,1,4,1,11
Silsila (1981 film)_1981,1981,3,2,7,7
Izzat (1991 film)_1991,1991,2,2,2,2
Parivaar (1987 film)_1987,1987,3,3,4,10
Saheb Biwi Aur Gangster Returns_2013,2013,2,2,2,2
Son Of Sardaar_2012,2012,7,1,12,1
Himmat Aur Mehanat_1987,1987,1,1,2,5
Mera Naam Joker_1970,1970,4,1,6,1
Crook (film)_2010,2010,5,2,6,3
Aag Hi Aag_1987,1987,1,2,1,6
Sapnon Ka Mandir_1991,1991,0,4,0,5
Jai Jawaan Jai Kisaan (Film)_2015,2015,2,0,2,0
Race 2_2013,2013,6,5,21,10
Kabhi Haan Kabhi Naa_1993,1993,2,3,6,5
Qayamat_1983,1983,0,1,0,4
Gopalaa_1994,1994,1,4,3,7
Kambakkht Ishq_2009,2009,3,4,3,6
Tejaa_1990,1990,0,3,0,6
Ek Hi Raasta (1993 film)_1993,1993,3,2,5,2
Zehreela Insaan_1974,1974,2,2,3,2
Khuda Kasam (1981 film)_1981,1981,1,3,3,10
Do Sholay_1977,1977,1,1,6,2
Harjaee_1981,1981,2,2,6,3
Be-Imaan (1972 film)_1972,1972,4,3,6,5
Disco Dancer (1982 film)_1982,1982,3,4,5,4
Jaani Dushman_1979,1979,2,3,3,3
Gaman_1978,1978,2,2,2,2
Hum Hain Rahi Pyar Ke_1993,1993,1,2,4,5
Zakhm (1989 film)_1989,1989,1,2,3,5
Major Saab_1998,1998,4,3,7,4
Aur Ek Prem Kahani_1996,1996,2,1,2,3
Anjane Mein_1978,1978,1,3,4,5
Pasand Apni Apni_1983,1983,1,1,1,4
Surakshaa_1979,1979,3,3,7,3
Hind Ka Napak Ko Jawab: MSG Lion Heart 2_2017,2017,2,0,5,0
Sadma_1983,1983,3,2,6,4
Banjaran_1991,1991,2,4,2,9
Sohni Mahiwal (1984 film)_1984,1984,0,2,0,6
Nasha (film)_2013,2013,2,3,2,3
Jeene Do_1990,1990,1,3,2,6
Dil Ka Raja_1972,1972,2,1,9,4
Jaise Ko Taisa_1973,1973,1,2,5,4
Biwi No.1_1999,1999,7,4,9,6
Adhikar (1971 film)_1971,1971,3,1,4,3
Main Tulsi Tere Aangan Ki_1978,1978,1,5,1,8
Prahaar: The Final Attack_1991,1991,2,2,3,2
Hum Hain Bemisaal_1994,1994,3,3,3,4
Pyar Ka Karz_1990,1990,1,4,5,9
Mukti (1977 film)_1977,1977,3,2,5,3
Aashiqui.in_2011,2011,1,0,15,0
Shehzada_1972,1972,3,1,9,5
Madam X (1994 film)_1994,1994,1,2,2,6
Youngistaan_2014,2014,3,1,5,2
ChaalBaaz_1989,1989,3,2,4,7
Dil Hi To Hai_1992,1992,2,5,7,7
Swarg_1990,1990,1,2,1,4
Jyoti (1981 film)_1981,1981,1,1,1,4
Mausam (1976 film)_1975,1975,0,2,0,4
Main Aur Mera Haathi_1981,1981,1,2,3,3
Loafer (1996 film)_1996,1996,2,3,6,5
Teesri Aankh_1982,1982,3,3,6,6
Kartoos_1999,1999,3,1,9,2
Prem (film)_1995,1995,0,1,0,7
Umar Qaid_1975,1975,4,2,4,5
Inteqam_2001,2001,1,1,2,6
Roohi (1981 Film)_1981,1981,0,1,0,2
Aakrosh (2010 film)_2010,2010,4,2,4,4
Do Chehere_1977,1977,4,3,5,9
Jheel Ke Us Paar_1973,1973,1,2,2,5
Balwaan_1992,1992,2,2,2,4
Bbuddah... Hoga Terra Baap_2011,2011,3,2,6,2
Diljalaa_1987,1987,1,2,3,4
Mr. Azaad_1994,1994,4,2,9,5
Choron Ki Baaraat_1980,1980,3,1,4,2
Mumbai 125 KM 3D_2014,2014,2,2,2,2
Shortcut Safari_2016,2016,3,1,4,1
Zilla Ghaziabad_2013,2013,3,3,4,3
Ek Khiladi Bawan Pattey_1972,1972,0,1,0,8
Sangram (1993 film)_1993,1993,1,3,4,8
Aaj Ka Dada_1985,1985,1,2,4,3
Aadmi Sadak Ka_1977,1977,3,2,5,2
Do Nambar Ke Amir_1974,1974,1,1,1,4
Angaare_1977,1977,2,2,5,5
Darr (1993 film)_1993,1993,4,4,5,8
Iski Topi Uske Sarr_1998,1998,5,2,6,2
Ram Aur Shyam_1996,1996,1,0,2,0
Abodh_1984,1984,2,1,5,9
The Legend of Michael Mishra_2016,2016,1,1,1,1
Aatish: Feel the Fire_1994,1994,3,3,8,7
Fareb_1983,1983,3,2,6,5
Sitara (film)_1980,1980,0,3,0,10
Purab Aur Paschim_1970,1970,4,2,9,2
Henna (film)_1991,1991,3,1,5,6
Ankhon Dekhi_2014,2014,2,0,4,0
Jawan Mohabbat_1971,1971,1,2,6,4
Awam (film)_1987,1987,1,1,2,2
Swarg Jaisaa Ghar_1991,1991,2,4,3,8
Jeene Nahi Doonga_1984,1984,0,3,0,7
Ustadi Ustad Se_1981,1981,0,0,0,0
Kaarnama_1990,1990,0,3,0,7
Dil (1990 film)_1990,1990,2,3,6,6
Gaai Aur Gori_1973,1973,1,2,4,6
Diwangi Ne Had Kar Di_2010,2010,2,2,3,3
Sonali Cable_2014,2014,2,2,4,2
Not a Love Story (2011 film)_2011,2011,0,1,0,1
Purani Haveli (film)_1989,1989,1,1,4,2
Jeevan Jyoti (1976 film)_1976,1976,1,3,2,5
Prem Deewane_1992,1992,3,4,6,8
Kishen Kanhaiya_1990,1990,1,4,1,7
Kshatriya (film)_1993,1993,0,4,0,4
Ishq Ishq Ishq_1974,1974,1,1,7,5
Insaniyat Ke Dushman_1987,1987,1,1,3,3
Teen Thay Bhai_2011,2011,3,0,13,0
Sanam Teri Kasam (1982 film)_1982,1982,2,1,9,4
Elaan (1971 film)_1971,1971,1,3,1,7
Daud (film)_1997,1997,7,4,7,6
Kaminey_2009,2009,7,2,12,4
Delhi Safari_2012,2012,3,3,5,3
Aakhree Raasta (1986 film)_1986,1986,0,2,0,4
Raaste Kaa Patthar_1972,1972,2,1,4,6
Aaj Ka Arjun_1990,1990,2,4,2,8
Aakraman_1975,1975,2,2,6,2
Aashiana_1974,1974,2,1,5,2
Saheb Biwi Aur Gangster_2011,2011,4,2,4,2
Aunty No. 1_1998,1998,2,3,4,5
Happy Ending (film)_2014,2014,5,3,5,3
Kaun Sachcha Kaun Jhootha_1997,1997,1,1,3,1
A Flying Jatt_2016,2016,5,3,6,3
Khatta Meetha (2010 film)_2010,2010,5,2,7,3
Gangvaa_1984,1984,2,2,4,3
Jhoota Kahin Ka_1979,1979,2,1,5,5
Ghar Ki Laaj_1993,1993,3,1,6,2
Chandra Mukhi_1993,1993,3,3,6,5
Jai Bangladesh_1971,1971,2,4,4,8
Cinema Cinema_1979,1979,0,0,0,0
